song,artist,total_reentries,average_gap_days,longest_gap_days,best_reentry_position,average_reentry_position,highest_momentum_score,average_momentum_score,normalized_frequency,chart_strength,fandom_intensity_score,fandom_category,reentry_strength,sustainability_score,average_momentum_score_normalized,fandom_intensity_score_normalized,sustainability_score_normalized,overall_performance_score,overall_rank,performance_balance
"Our Blues, Our Life",Lim Young Woong,31,3.967741935483871,20.0,37,46.0,0.002204724409448819,0.0006781813563627127,1.0,0.1,0.4302034544069089,High,0.28,0.38272040894081794,0.004998623260542647,1.0,1.0,0.7014995869781627,1,0.9950013767394573
Seven (feat. Latto) (Explicit Ver.),Jung Kook,4,2.0,2.0,2,2.25,0.003858267716535433,0.0038385826771653543,0.12903225806451613,0.975,0.34526447802895605,Medium,0.98,0.3632838296926594,0.03135259356533158,0.7934748171314651,0.9467351609218523,0.6184792703882604,2,0.9153825673565207
Ditto,NewJeans,27,7.037037037037037,28.0,39,47.148148148148145,0.005118110236220472,0.0010542432195975503,0.8709677419354839,0.0770370370370371,0.37181448085118396,Medium,0.24,0.33021837576082563,0.008134529802290801,0.8580299180032009,0.8561211665436034,0.6023932385320687,3,0.8498953882009102
Lost and Found,KingLee & Lil' Flip,1,19.0,19.0,8,8.0,0.03216535433070866,0.03216535433070866,0.03225806451612903,0.86,0.2805528321056642,Medium,0.86,0.30124406273812543,0.2675640183847669,0.6361314504235434,0.7767187109546025,0.5747667619977811,4,0.5091546925698356
Seven (feat. Latto) (Explicit Ver.),Jung Kook & Latto,1,3.0,3.0,1,1.0,0.005905511811023622,0.005905511811023622,0.03225806451612903,1.0,0.3146748793497587,Medium,1.0,0.3382096139192278,0.048588312541037425,0.7190976262293136,0.8780206998466548,0.5735679078889002,5,0.8294323873056173
Standing Next to You,Jung Kook,5,2.0,2.0,5,8.2,0.0036220472440944883,0.0033700787401574803,0.16129032258064516,0.856,0.3223271526543053,Medium,0.92,0.33574688849377693,0.027445830597504925,0.7377037739717734,0.8712717409992417,0.5713751794191066,6,0.8438259104017367
Closer Than This,Jimin,4,2.0,2.0,5,6.5,0.0036220472440944883,0.0035039370078740156,0.12903225806451613,0.89,0.3196640843281687,Medium,0.92,0.3355500698501397,0.02856204858831254,0.7312286468098982,0.8707323707094871,0.5692549707082786,7,0.8421703221211745
3D (feat. Jack Harlow),Jung Kook,4,2.0,2.0,5,6.5,0.0036220472440944883,0.0035039370078740156,0.12903225806451613,0.89,0.3196640843281687,Medium,0.92,0.3355500698501397,0.02856204858831254,0.7312286468098982,0.8707323707094871,0.5692549707082786,8,0.8421703221211745
Like Crazy (English Version),Jimin,3,2.0,2.0,3,4.666666666666667,0.0037795275590551177,0.0036482939632545928,0.0967741935483871,0.9266666666666667,0.31780416560833125,Medium,0.96,0.3362233299466599,0.029765813088203103,0.726706340677719,0.8725774016812968,0.5686790537521165,9,0.8428115885930937
Who,Jimin,1,2.0,2.0,1,1.0,0.003937007874015748,0.003937007874015748,0.03225806451612903,1.0,0.3140843281686563,Medium,1.0,0.33756985013970026,0.03217334208798424,0.7176617284133605,0.8762674636249161,0.567527219839792,10,0.8440941215369319
Smeraldo Garden Marching Band (feat. Loco),Jimin & Loco,1,2.0,2.0,2,2.0,0.003858267716535433,0.003858267716535433,0.03225806451612903,0.98,0.30806070612141223,Medium,0.98,0.3310442595885192,0.03151674326986211,0.7030155706906389,0.8583844541631833,0.5559450316797964,11,0.8268677108933212
Interlude : Dive,Jimin,21,3.0952380952380953,7.0,24,40.04761904761905,0.0038582677165354333,0.0012785901762279715,0.6774193548387096,0.219047619047619,0.3370656047026379,Medium,0.54,0.30870279219129865,0.010005315323765751,0.7735396367791701,0.7971589344619541,0.5527460945315232,12,0.7871536191381883
Set Me Free Pt.2,Jimin,3,2.0,2.0,4,6.666666666666667,0.003700787401574803,0.003490813648293963,0.0967741935483871,0.8866666666666667,0.30575692151384304,Medium,0.94,0.3231721488442977,0.02845261545195885,0.6974140252322757,0.8368113827578308,0.5455146774321249,13,0.808358767305872
Be Mine,Jimin,1,2.0,2.0,3,3.0,0.0037795275590551177,0.0037795275590551177,0.03225806451612903,0.96,0.3020370840741681,Medium,0.96,0.32451866903733806,0.030860144451739985,0.6883694129679172,0.8405014447014503,0.5443628435198007,14,0.8096413002497103
Like Crazy,Jimin,5,2.0,2.0,1,10.6,0.003937007874015748,0.003181102362204724,0.16129032258064516,0.8079999999999999,0.3078704597409195,Medium,1.0,0.3200854711709423,0.025869993434011813,0.7025529954372416,0.8283525182910826,0.5435779278351169,15,0.8024825248570707
Supernatural,NewJeans,2,2.0,2.0,4,5.0,0.003700787401574803,0.0036220472440944883,0.06451612903225806,0.92,0.3028930657861316,Medium,0.94,0.3227578105156211,0.02954694681549573,0.6904506928129763,0.8356759121526852,0.5430083957826302,16,0.8061289653371895
A bientot,Lim Young Woong,24,7.166666666666667,48.0,38,46.708333333333336,0.011338582677165353,0.0012007874015748032,0.7741935483870968,0.08583333333333329,0.33578765557531115,Medium,0.26,0.299253831174329,0.009356533158240317,0.7704323627281687,0.7712645946401842,0.5424008950263957,17,0.7619080614819438
Smeraldo Garden Marching Band (feat. Loco),Jimin,1,2.0,2.0,4,4.0,0.003700787401574803,0.003700787401574803,0.03225806451612903,0.94,0.296013462026924,Medium,0.94,0.31799307848615693,0.030203545633617858,0.6737232552451956,0.8226184352397172,0.5327806553598048,18,0.7924148896060994
New Jeans,NewJeans,23,9.26086956521739,63.0,40,46.869565217391305,0.01736220472440945,0.0018486819582334817,0.7419354838709677,0.08260869565217391,0.32211140683150935,Medium,0.22,0.28712606707822114,0.014759199520397386,0.7371791980066972,0.7380291474604483,0.5207506807696201,19,0.723269947940051
Slow Dance (feat. Sofia Carson),Jimin,1,2.0,2.0,8,8.0,0.0033858267716535433,0.0033858267716535433,0.03225806451612903,0.86,0.27191897383794766,Medium,0.86,0.29189071628143254,0.02757715036112935,0.6151386243543091,0.7510863973927853,0.48645190271982175,20,0.7235092470316559
How Sweet,NewJeans,2,2.0,2.0,8,10.0,0.0033858267716535433,0.0032283464566929135,0.06451612903225806,0.82,0.27277495554991105,Medium,0.86,0.2901298577597155,0.026263952724885097,0.6172199041993679,0.7462608648440201,0.48509745498265133,21,0.719996912119135
Hype Boy,NewJeans,21,10.19047619047619,50.0,35,46.714285714285715,0.006929133858267717,0.0012560929883764528,0.6774193548387096,0.08571428571428569,0.2970588555462825,Medium,0.32,0.2653621472719136,0.009817715661445143,0.6762650811178597,0.6783863640574732,0.4770733205098,22,0.668568648396028
Seven (feat. Latto) (Instrumental),Jung Kook & Latto,1,3.0,3.0,10,10.0,0.00484251968503937,0.00484251968503937,0.03225806451612903,0.82,0.2603559817119634,Medium,0.82,0.2793641414782829,0.0397242284963887,0.5870237451179473,0.7167580321711449,0.4682408906000989,23,0.6770338036747562
Rebirth (Intro),Jimin,1,2.0,2.0,10,10.0,0.003228346456692913,0.003228346456692913,0.03225806451612903,0.82,0.25987172974345946,Medium,0.82,0.27883953517907034,0.026263952724885093,0.5858463089088657,0.7153203784693193,0.4632875263998303,24,0.6890564257444342
Rainbow,Lim Young Woong,19,3.526315789473684,13.0,31,45.10526315789474,0.0015748031496062992,0.0006361375880646498,0.6129032258064516,0.1178947368421052,0.2807205526516316,Medium,0.4,0.25303866322206325,0.004648028475654007,0.6365392551547023,0.6446145574851009,0.4497982429666273,25,0.6399665290094468
Supernova,aespa,3,2.0,2.0,13,15.333333333333334,0.0029921259842519685,0.002808398950131234,0.0967741935483871,0.7133333333333333,0.25355219710439414,Medium,0.76,0.2666170307340614,0.022762092361567083,0.5704806583020212,0.6818253007561449,0.44513571337882823,26,0.6590632083945778
Magnetic,ILLIT,2,2.0,2.0,13,13.5,0.0029921259842519685,0.002952755905511811,0.06451612903225806,0.75,0.25169227838455677,Medium,0.76,0.26729029083058164,0.02396585686145765,0.5659583521698422,0.6836703317279548,0.44455979642266624,27,0.6597044748664971
That's What I Like,Bruno Mars,1,508.0,508.0,45,45.0,0.12,0.12,0.03225806451612903,0.12,0.0849032258064516,Low,0.12,0.08929032258064515,1.0,0.16041850399828056,0.19587155069262832,0.4247015191418181,28,0.8395814960017194
ETA,NewJeans,18,8.277777777777779,77.0,39,47.05555555555556,0.006062992125984252,0.001010498687664042,0.5806451612903226,0.07888888888888886,0.256227880789095,Medium,0.24,0.22919310741399262,0.00776975268111184,0.5769864591233346,0.5792671691083007,0.40701969568540586,29,0.5714974164271889
Interlude : Showtime,Jimin,1,2.0,2.0,15,15.0,0.0028346456692913383,0.0028346456692913383,0.03225806451612903,0.72,0.22975361950723902,Medium,0.72,0.24621158242316485,0.022980958634274455,0.5126155202952575,0.6259053311606545,0.4053765855998515,30,0.6029243725263801
Jealousyvalhalla,YANGHONGWON,1,4.0,4.0,16,16.0,0.005511811023622047,0.005511811023622047,0.03225806451612903,0.7,0.22455676911353822,Medium,0.7,0.2405816611633223,0.04530531845042679,0.49997961951487024,0.6104768524093555,0.402251360708607,31,0.5651715339589287
You & Me (Coachella ver.),JENNIE,1,3.0,3.0,16,16.0,0.004133858267716535,0.004133858267716535,0.03225806451612903,0.7,0.22414338328676658,Medium,0.7,0.24013382651765303,0.03381483913328956,0.4989744910437031,0.6092495870541385,0.3980228790742314,32,0.5754347479208489
Cruel Summer,Taylor Swift,16,13.125,64.0,24,44.1875,0.007559055118110235,0.0015255905511811023,0.5161290322580645,0.13625,0.24778429006858013,Medium,0.54,0.22542222821945643,0.012065003282994091,0.5564562597733689,0.5689332893182582,0.3975058431669677,33,0.5568682860352641
Smart,LE SSERAFIM,3,2.0,2.0,9,19.666666666666668,0.003307086614173228,0.002467191601049869,0.0967741935483871,0.6266666666666666,0.2274498348996698,Medium,0.84,0.23833947167894337,0.019916830816371196,0.5070139748368943,0.6043322597553021,0.39494623135218004,34,0.584415428938931
Christmas Love,Jimin,14,12.785714285714286,136.0,28,43.214285714285715,0.12314960629921262,0.00957817772778403,0.45161290322580644,0.1557142857142857,0.23023290032294352,Medium,0.46,0.21178456674770493,0.07921395741487668,0.5137808693767948,0.5315600543255874,0.3896335105202967,35,0.4523460969107107
Filter,BTS,3,98.66666666666667,288.0,31,40.333333333333336,0.22677165354330708,0.07611548556430446,0.0967741935483871,0.2133333333333333,0.12554432308864616,Low,0.4,0.12794183388366775,0.6340555920332677,0.25923544771602686,0.3017938173321017,0.3865769203768253,36,0.3748201443172408
Love Me Again,V,4,2.0,2.0,12,22.5,0.0030708661417322837,0.0022440944881889765,0.12903225806451613,0.57,0.22328613157226312,Medium,0.78,0.23114062103124206,0.018056467498358503,0.4968901232463518,0.5846042193217594,0.38393996014834647,37,0.5665477518234009
Polaroid,Lim Young Woong,4,2.0,2.0,19,23.5,0.0025196850393700786,0.0021653543307086614,0.12903225806451613,0.55,0.21726250952501905,Medium,0.64,0.22461503048006096,0.017399868680236373,0.48224396552363014,0.5667212098600265,0.3723577719883507,38,0.5493213411797901
Do or Die,Lim Young Woong,7,3.4285714285714284,11.0,12,29.571428571428573,0.0030708661417322837,0.002019122609673791,0.22580645161290322,0.42857142857142855,0.21949974599949199,Medium,0.78,0.21897418719837436,0.01618047087515243,0.4876837022818731,0.5512627999295572,0.36848541703654636,39,0.5350823290544048
Sticky,KISS OF LIFE,3,2.0,2.0,6,22.0,0.003543307086614173,0.002283464566929134,0.0967741935483871,0.58,0.21339471678943356,Medium,0.9,0.22311309372618746,0.018384766907419567,0.47283960681721043,0.5626052376779251,0.3679211256455233,40,0.5442204707705056
OMG,NewJeans,15,14.2,55.0,40,45.6,0.021653543307086617,0.003902887139107612,0.4838709677419355,0.10799999999999997,0.22711925323850649,Medium,0.22,0.20572327702988738,0.031888815933464654,0.5062101808551898,0.514949434869174,0.3669725102835667,41,0.48306061893570934
Perfect Night,LE SSERAFIM,13,7.230769230769231,51.0,16,41.92307692307692,0.018070866141732284,0.002225923682616596,0.41935483870967744,0.1815384615384616,0.22287125105019442,Medium,0.7,0.20649761874523753,0.017904944694176472,0.4958813604928713,0.5170714742637105,0.35990497557305656,42,0.499166529569534
Grain of Sand,Lim Young Woong,7,3.4285714285714284,12.0,13,31.0,0.0029921259842519685,0.001687289088863892,0.22580645161290322,0.4,0.21082876737182046,Medium,0.76,0.2095806270183969,0.01341337585592346,0.46660061977849315,0.5255202829480878,0.3512663287110804,43,0.5121069070921643
All Or Nothing,J Money & KingLee,1,26.0,26.0,26,26.0,0.025590551181102362,0.025590551181102362,0.03225806451612903,0.5,0.17058039116078233,Low,0.5,0.18210725171450343,0.21273801707156928,0.36873855913675674,0.450231061742454,0.3504607724291945,44,0.2374930446708847
Bam Yang Gang,BIBI,3,3.0,5.0,10,23.666666666666668,0.003228346456692913,0.0023097112860892386,0.0967741935483871,0.5466666666666666,0.20340259080518158,Medium,0.82,0.21228829057658116,0.01860363318012694,0.4485442157712839,0.5329404808061093,0.3491007337561257,45,0.5143368476259824
EASY,LE SSERAFIM,10,6.1,35.0,3,37.1,0.0037795275590551177,0.001311023622047244,0.3225806451612903,0.27799999999999997,0.21282556515113027,Medium,0.96,0.20367930848361696,0.010275771503611293,0.47145574099738374,0.5093480554130537,0.3463640601947365,46,0.4990722839094424
London Boy,Lim Young Woong,10,4.0,18.0,15,37.5,0.0028346456692913383,0.0012125984251968504,0.3225806451612903,0.27,0.2103960375920752,Medium,0.72,0.20104732029464056,0.009455022980958636,0.4655484573825528,0.5021352415968213,0.34152580153706846,47,0.4926802186158627
Never Let Go,Jung Kook,2,2.0,2.0,20,22.5,0.002440944881889764,0.0022440944881889765,0.06451612903225806,0.57,0.19747967995935992,Low,0.62,0.20855997586995173,0.018056467498358503,0.43414293266534737,0.5227232465723579,0.3403201029827044,48,0.5046667790739994
Somebody,Jung Kook,15,5.333333333333333,35.0,41,47.333333333333336,0.002125984251968504,0.0005774278215223097,0.4838709677419355,0.07333333333333329,0.2157216154432309,Medium,0.2,0.19337583608500547,0.0041584591814401405,0.4784973530072949,0.48111197578962034,0.3371108028333524,49,0.4769535166081802
You Were Beautiful,DAY6,13,15.307692307692308,149.0,33,45.38461538461539,0.023464566929133856,0.0026196244700181707,0.41935483870967744,0.11230769230769226,0.2022201305171841,Medium,0.36,0.184125571501143,0.02118793878478711,0.4456691184057727,0.4557621522327615,0.3218573263589231,50,0.4345742134479744
All I Want for Christmas Is You,Mariah Carey,1,6.0,6.0,24,24.0,0.006377952755905512,0.006377952755905512,0.03225806451612903,0.54,0.17681661163322326,Low,0.54,0.18886315722631444,0.05252790544977019,0.3839016400732215,0.4687452362440128,0.31418477834596303,51,0.4162173307942426
Armageddon,aespa,5,2.0,2.0,16,30.6,0.0027559055118110236,0.0016062992125984252,0.16129032258064516,0.408,0.18739801879603757,Low,0.7,0.1895736601473203,0.012738017071569272,0.40962984098280864,0.47069232905642305,0.31193416463520185,52,0.45795431198485376
Love Always Run Away,Lim Young Woong,14,11.357142857142858,57.0,43,48.0,0.0061417322834645665,0.0010967379077615298,0.45161290322580644,0.06,0.19897418266265104,Low,0.16,0.17792095594905477,0.008488884720007504,0.4377767466958028,0.4387587564857932,0.3093340915295608,53,0.4302698717657857
With you,Jimin & HA SUNG WOON,4,57.75,201.0,28,41.25,0.18200787401574806,0.047194881889763785,0.12903225806451613,0.195,0.12427136779273558,Low,0.46,0.12387462693675387,0.39289231779382805,0.25614031593457487,0.29064786820396915,0.3092435597866388,54,0.13675200185925318
Fate,(G)I-DLE,4,2.75,5.0,9,29.0,0.003307086614173228,0.0017913385826771654,0.12903225806451613,0.44,0.1841503048006096,Low,0.84,0.18874347536195074,0.014281024294156272,0.40173317498313965,0.46841725490714725,0.3088369577498473,55,0.45413623061299097
Who (Funky Remix),Jimin,12,4.666666666666667,29.0,34,44.5,0.01940944881889764,0.0021358267716535435,0.3870967741935484,0.13,0.19447945770891542,Low,0.34,0.17842801466852934,0.01715364412344058,0.42684803136865446,0.4401483220441742,0.30859481693152213,56,0.42299467792073364
If We Ever Meet Again,Lim Young Woong,8,2.125,3.0,22,36.875,0.0022834645669291337,0.0011318897637795275,0.25806451612903225,0.2825,0.18831537338074675,Low,0.58,0.18250294481838963,0.008782009192383455,0.4118603461223964,0.45131543617036823,0.30474612656018263,57,0.44253342697798476
plot twist,TWS,4,3.5,8.0,11,29.75,0.0031496062992125984,0.001968503937007874,0.12903225806451613,0.425,0.1797034544069088,Low,0.8,0.1839260541021082,0.01575837163493106,0.39092086442901275,0.45521538615745605,0.30087519919574335,58,0.439457014522525
Face-off,Jimin,10,3.4,13.0,25,41.5,0.007165354330708662,0.001405511811023622,0.3225806451612903,0.19,0.1864539116078232,Low,0.52,0.1751100171450343,0.011063690085357847,0.40733428812818206,0.43105553869509805,0.29675554641375534,59,0.4199918486097402
Who (Beautiful Mind Remix),Jimin,12,5.0,30.0,32,45.583333333333336,0.022440944881889763,0.002267060367454068,0.3870967741935484,0.10833333333333328,0.18801882778765555,Low,0.38,0.17142899892049782,0.018247975486977455,0.4111393092621275,0.42096791777835463,0.296711922110262,60,0.4027199422913772
Closer to You (feat. Major Lazer),Jung Kook,13,13.076923076923077,83.0,43,47.53846153846154,0.009803149606299211,0.0015414900060569349,0.41935483870967744,0.06923076923076919,0.18897361325491882,Low,0.16,0.1697751778003556,0.012197585736653364,0.4134608258571632,0.4164357151359188,0.29412306506857466,61,0.40423812939926546
Slow Dancing,V,6,2.1666666666666665,3.0,6,34.666666666666664,0.00531496062992126,0.0015813648293963253,0.1935483870967742,0.3266666666666667,0.1758937642875286,Low,0.9,0.17442254572009144,0.012530094112497264,0.38165777953996916,0.4291715623866704,0.28754929790807304,62,0.41664146827417314
BIRDS OF A FEATHER,Billie Eilish,3,2.0,2.0,18,29.0,0.0025984251968503938,0.0017322834645669292,0.0967741935483871,0.44,0.17122936245872492,Low,0.66,0.1774339598679197,0.013788575180564677,0.37031650275815886,0.4374241714457942,0.28684580852555297,63,0.4236355962652295
we can't be friends (wait for your love),Ariana Grande,3,2.0,2.0,18,29.0,0.0025984251968503938,0.0017322834645669292,0.0967741935483871,0.44,0.17122936245872492,Low,0.66,0.1774339598679197,0.013788575180564677,0.37031650275815886,0.4374241714457942,0.28684580852555297,64,0.4236355962652295
Right Now,NewJeans,2,2.0,2.0,17,27.5,0.002677165354330709,0.0018503937007874017,0.06451612903225806,0.47,0.16736156972313945,Low,0.68,0.1759320231140462,0.014773473407747869,0.36091214405173916,0.4333081992636929,0.2824091621827256,65,0.41853472585594503
Home,Lim Young Woong,3,3.6666666666666665,7.0,19,29.666666666666668,0.0025196850393700786,0.0017454068241469815,0.0967741935483871,0.42666666666666664,0.16723329946659893,Low,0.64,0.17310489162644993,0.013898008316918363,0.36060026087020963,0.4255606063453636,0.2793257060205261,66,0.41166259802844524
I Love You,Lim Young Woong,12,13.083333333333334,103.0,44,47.083333333333336,0.012165354330708662,0.0016043307086614173,0.3870967741935484,0.07833333333333328,0.17882000889001778,Low,0.14,0.1614636117813902,0.012721602101116218,0.3887728076156314,0.39365834156440754,0.27766738284334846,67,0.3809367394632913
Left and Right (Feat. Jung Kook of BTS),Charlie Puth,8,33.5,189.0,29,41.375,0.029763779527559056,0.008828740157480315,0.25806451612903225,0.1925,0.163624428498857,Low,0.44,0.1557544211963424,0.07296454366382142,0.3518254584373973,0.37801262973948035,0.27733269396105364,68,0.3050480860756589
To. X,TAEYEON,3,3.0,5.0,20,30.333333333333332,0.002440944881889764,0.0016666666666666668,0.0967741935483871,0.41333333333333333,0.16320967741935483,Low,0.62,0.1687459677419355,0.013241409498796238,0.3508170104175158,0.41361522355458513,0.2715237047398742,69,0.40037381405578887
Espresso,Sabrina Carpenter,2,2.0,2.0,27,28.5,0.0018897637795275589,0.0017716535433070866,0.06451612903225806,0.45,0.16133794767589538,Low,0.48,0.16940643256286514,0.014116874589625739,0.3462659863290176,0.41542518980196,0.27082697402272987,70,0.4013083152123343
Attention,NewJeans,10,26.7,211.0,37,46.7,0.10799212598425197,0.01136220472440945,0.3225806451612903,0.08599999999999994,0.15824091948183894,Low,0.28,0.14454594234188467,0.09409061063690087,0.3387357058688385,0.3472964314377615,0.26833843124838025,71,0.2532058208008606
HAPPY,DAY6,1,161.0,161.0,42,42.0,0.057047244094488185,0.057047244094488185,0.03225806451612903,0.18,0.08401739903479807,Low,0.18,0.08833067691135382,0.47504924491135914,0.15826465727435096,0.19324169636002056,0.26554199724543776,72,0.3167845876370082
Small girl (feat. D.O.),Lee Young Ji,5,2.8,6.0,11,35.0,0.0031496062992125984,0.0014803149606299212,0.16129032258064516,0.32,0.16096022352044703,Low,0.8,0.16093271526543054,0.011687458962573867,0.3453475675582202,0.39220344988163264,0.2616490937927206,73,0.38051599091905874
Who (Shibuyakei Remix),Jimin,8,5.625,30.0,31,41.375,0.023622047244094488,0.003533464566929134,0.25806451612903225,0.1925,0.16203584582169164,Low,0.4,0.15403345662941326,0.028808273145108337,0.34796289331248337,0.37329642430300375,0.261083243108953,74,0.34448815115789544
踊り子,Vaundy,3,2.3333333333333335,3.0,21,31.333333333333332,0.002362204724409449,0.0016404199475065617,0.0967741935483871,0.39333333333333337,0.15720180340360682,Low,0.6,0.16223743755820846,0.01302254322608886,0.33620914330321955,0.39577896705876514,0.26010260159452125,75,0.3827564238326763
Dreamers [Music from the FIFA World Cup Qatar 2022 Official Soundtrack],Jung Kook & BTS,4,7.5,21.0,28,35.25,0.019015748031496065,0.006023622047244095,0.12903225806451613,0.315,0.14791998983997967,Low,0.46,0.14949396748793498,0.049573210768220625,0.3136408439744169,0.3608562127034885,0.25094593306773305,76,0.31128300193526787
Warmth,Lim Young Woong,4,2.5,3.0,18,34.0,0.0025984251968503938,0.0013681102362204725,0.12903225806451613,0.34,0.15402333629667259,Low,0.66,0.15610592614935231,0.010751805646749837,0.3284808479022922,0.3789759090551562,0.2508354066291319,77,0.3682241034084064
Alone,Jimin,6,4.666666666666667,18.0,23,38.0,0.005669291338582677,0.0018635170603674542,0.1935483870967742,0.26,0.1559784099568199,Low,0.56,0.1528475785284904,0.014882906544101555,0.33323451885997735,0.3700465928689082,0.25061326106834036,78,0.3551636863248066
FIELD TRIP,¥$ & Kanye West & Ty Dolla $ign,1,14.0,14.0,31,31.0,0.011023622047244094,0.011023622047244094,0.03225806451612903,0.4,0.13621031242062484,Low,0.4,0.1448729997459995,0.09126723571897571,0.2851693062482861,0.34819271363727167,0.24905687767563794,79,0.25692547791829595
Too Sad to Dance,Jung Kook,9,11.777777777777779,68.0,39,45.22222222222222,0.032125984251968505,0.004763779527559056,0.2903225806451613,0.11555555555555558,0.15222483278299892,Low,0.24,0.1407166871278187,0.03906762967826658,0.3241078699963851,0.3368025754890248,0.2430389448233734,80,0.2977349458107582
Beautiful Things,Benson Boone,4,2.0,2.0,21,34.75,0.002362204724409449,0.001279527559055118,0.12903225806451613,0.325,0.14949676149352298,Low,0.6,0.15120213677927358,0.010013131976362444,0.3174746911430117,0.3655373534155304,0.24205815518839846,81,0.35552422143916795
Bubble Gum,NewJeans,7,3.0,8.0,15,40.42857142857143,0.0028346456692913383,0.0008830146231721033,0.22580645161290322,0.21142857142857138,0.15401605646068434,Low,0.72,0.14803352353133276,0.0067066879279617285,0.32846314731861626,0.35685394917049357,0.24187299014957694,82,0.3501472612425318
Who (Instrumental),Jimin,9,5.0,29.0,30,44.888888888888886,0.023976377952755906,0.0029615048118985126,0.2903225806451613,0.12222222222222229,0.15368415036830077,Low,0.42,0.1422976145118957,0.02403881228569344,0.3276561330438069,0.34113501699696536,0.2412885461999783,83,0.3170962047112719
My Love Mine All Mine,Mitski,10,3.3,5.0,41,46.4,0.001968503937007874,0.0006811023622047244,0.3225806451612903,0.09200000000000003,0.15683658877317755,Low,0.2,0.14302458407416815,0.005022980958634275,0.33532114086250203,0.3431272357024674,0.23896382608532957,84,0.3381042547438331
Please Don't Change (feat. DJ Snake),Jung Kook,10,4.0,8.0,36,46.5,0.002952755905511811,0.0007874015748031496,0.3225806451612903,0.09,0.15626847853695708,Low,0.3,0.14240913131826266,0.005909389363099147,0.3339398071635552,0.34144062245715495,0.23815596717617826,85,0.3355312330940558
"yes, and?",Ariana Grande,3,8.333333333333334,20.0,29,34.666666666666664,0.01653543307086614,0.006325459317585301,0.0967741935483871,0.3266666666666667,0.13860731521463046,Low,0.44,0.14209340868681739,0.052090172904355435,0.2909975074049096,0.340575402556958,0.23667757035796028,86,0.2884852296526026
Super Shy,NewJeans,6,5.833333333333333,25.0,31,39.333333333333336,0.001968503937007874,0.0012204724409448817,0.1935483870967742,0.23333333333333328,0.14778549657099313,Low,0.4,0.14397192236051137,0.009520682862770847,0.31331382982665457,0.3457233623526556,0.23351922212158982,87,0.33620267948988475
Time of Our Life -Japanese ver.- - Japanese ver.,DAY6,9,17.11111111111111,72.0,37,45.666666666666664,0.011338582677165355,0.0023797025371828525,0.2903225806451613,0.10666666666666672,0.1488429430192194,Low,0.28,0.13705297321705756,0.01918727657401328,0.315884961837027,0.3267623760592022,0.23068275123588422,88,0.30757509948518896
Yes or No,Jung Kook,3,3.0,5.0,27,34.0,0.0018897637795275589,0.0014960629921259843,0.0967741935483871,0.34,0.14115849631699265,Low,0.48,0.14485718821437643,0.011818778726198294,0.29720058596982696,0.3481493830348684,0.22941812276950285,89,0.3363306043086701
MILLION DOLLAR BABY,Tommy Richman,3,2.3333333333333335,3.0,24,34.0,0.0021259842519685043,0.0013517060367454071,0.0967741935483871,0.34,0.1411151892303785,Low,0.54,0.14481027220387774,0.010615014226307729,0.29709528679665714,0.3480208123786076,0.228975138979235,90,0.3374057981522999
Like Crazy (Deep House Remix),Jimin,9,3.6666666666666665,8.0,43,45.666666666666664,0.0025196850393700786,0.0008573928258967629,0.2903225806451613,0.10666666666666672,0.1483862501058336,Low,0.16,0.1365582225608896,0.006493032756985482,0.31477453419268986,0.3254065400477244,0.22601128581124064,91,0.3189135072907389
If I have you only (My love X Nerd Connection),Nerd Connection,9,17.444444444444443,129.0,42,46.44444444444444,0.025393700787401576,0.0033377077865266846,0.2903225806451613,0.09111111111111114,0.1444636779273559,Low,0.18,0.13230876936753877,0.0271758955278325,0.30523698181072584,0.31376115545488786,0.22480211670131453,92,0.28658525992705536
Drama,aespa,8,15.125,88.0,32,44.375,0.013858267716535434,0.0024704724409448818,0.25806451612903225,0.1325,0.14371694818389635,Low,0.38,0.1341879841884684,0.019944189100459617,0.30342134306161817,0.31891103670467463,0.22379958964834035,93,0.298966847604215
Promise,Jimin,9,3.3333333333333335,8.0,42,45.888888888888886,0.0018897637795275589,0.0006386701662292213,0.2903225806451613,0.10222222222222228,0.14698729997459997,Low,0.18,0.1350426932520532,0.004669147151090684,0.31137305181089875,0.3212533182424505,0.22281997366399942,94,0.31658417109135983
Cosmic,Red Velvet,1,2.0,2.0,31,31.0,0.0015748031496062992,0.0015748031496062992,0.03225806451612903,0.4,0.1333756667513335,Low,0.4,0.1418021336042672,0.012475377544320421,0.27827699673171125,0.3397771797729267,0.2200615750399194,95,0.3273018022286063
Love 119,RIIZE,3,2.3333333333333335,3.0,26,35.333333333333336,0.001968503937007874,0.0012467191601049869,0.0967741935483871,0.3133333333333333,0.13308369316738633,Low,0.5,0.13610948480230292,0.009739549135478223,0.27756707649969486,0.32417679976296354,0.2135322214325739,96,0.31443725062748534
T.B.H,QWER,8,6.125,22.0,37,44.875,0.002755905511811024,0.0009694881889763781,0.25806451612903225,0.1225,0.1402666529083058,Low,0.28,0.1304501643065786,0.007427774130006568,0.29503211007191216,0.30866775407916724,0.21352328469187976,97,0.3012399799491607
Cupido,Engel Montaz & Kuv507 & Latinnites Music,1,2.0,2.0,32,32.0,0.0014960629921259843,0.0014960629921259843,0.03225806451612903,0.38,0.1273520447040894,Low,0.38,0.1352765430530861,0.011818778726198294,0.26363083900898954,0.3218941703111937,0.20847938687992362,98,0.3100753915849954
Boom Boom Bass,RIIZE,4,2.0,2.0,25,37.75,0.002047244094488189,0.0010433070866141731,0.12903225806451613,0.265,0.13142589535179072,Low,0.52,0.13162536512573025,0.00804333552199606,0.2735362179748468,0.3118883250303314,0.20731159070841118,99,0.3038449895083354
Get A Guitar,RIIZE,8,6.25,20.0,38,45.75,0.002047244094488189,0.0008316929133858268,0.25806451612903225,0.105,0.13497531432562868,Low,0.26,0.12471788084201169,0.006278726198292844,0.2821664656409724,0.29295875753239004,0.20317744597016468,100,0.2866800313340972
FRI(END)S,V,6,2.3333333333333335,3.0,10,42.0,0.003228346456692913,0.000748031496062992,0.1935483870967742,0.18,0.13164376428752858,Low,0.82,0.12648504572009145,0.005581089954038082,0.2740659561906032,0.29780157229180254,0.20182796195505343,101,0.29222048233776443
Love Letter,Lim Young Woong,9,3.6666666666666665,7.0,43,48.0,0.0012598425196850393,0.00041557305336832894,0.2903225806451613,0.06,0.13425370417407503,Low,0.16,0.12124796446815117,0.002808783833077989,0.2804119040149144,0.283449649221275,0.1981941787825897,102,0.28064086538819705
Love wins all,IU,3,2.0,2.0,28,36.666666666666664,0.0018110236220472442,0.0011286089238845144,0.0967741935483871,0.28666666666666674,0.1250482600965202,Low,0.46,0.12740443230886464,0.008754650908295032,0.2580292935506263,0.3003210989058414,0.1980490326322522,103,0.2915664479975464
Young Man,HYUKOH & 落日飛車 Sunset Rollercoaster,1,2.0,2.0,33,33.0,0.0014173228346456691,0.0014173228346456691,0.03225806451612903,0.36,0.12132842265684532,Low,0.36,0.128750952501905,0.011162179908076164,0.24898468128626797,0.3040111608494607,0.1968971987199279,104,0.29284898094138456
Seven (feat. Latto) (Alesso Remix),Jung Kook & Latto,2,4.0,6.0,24,35.0,0.0021259842519685043,0.0016535433070866143,0.06451612903225806,0.32,0.12230251460502921,Low,0.54,0.12711804673609348,0.01313197636244255,0.2513531406945175,0.2995362755450433,0.19675088859257903,105,0.28640429918260074
"Angel Pt. 1 (feat. Jimin of BTS, JVKE & Muni Long) - Trailer Version",Fast & Furious: The Fast Saga & Jimin & BTS,4,37.0,102.0,35,43.0,0.06425196850393701,0.016811023622047245,0.12903225806451613,0.16,0.10465621031242063,Low,0.32,0.102624872999746,0.13952724885095208,0.2084469699776926,0.23241412709892392,0.1961595586321014,106,0.09288687824797184
Welcome to the Show,DAY6,6,26.833333333333332,141.0,36,44.833333333333336,0.03885826771653544,0.007198162729658793,0.1935483870967742,0.12333333333333328,0.1165788036576073,Low,0.3,0.1101646717043434,0.05936747647187569,0.2374362029056395,0.2530765162752526,0.18948969465487492,107,0.19370903980337695
Armageddon,aespa & Grimes & Flava D,1,15.0,15.0,36,36.0,0.008858267716535433,0.008858267716535433,0.03225806451612903,0.3,0.10556070612141225,Low,0.3,0.11166925958851917,0.07321076822061721,0.21064620960032013,0.2571997537290421,0.18570931763146192,108,0.18398898550842485
Like Crazy (UK Garage Remix),Jimin,8,3.625,8.0,42,47.25,0.002204724409448819,0.000610236220472441,0.25806451612903225,0.075,0.12590887731775463,Low,0.18,0.11489590741681484,0.004432042022324361,0.26012184442155234,0.2660421984381493,0.18548702760759286,109,0.26161015641582497
"If I’m S, Can You Be My N?",TWS,1,2.0,2.0,34,34.0,0.0013385826771653544,0.0013385826771653544,0.03225806451612903,0.34,0.11530480060960123,Low,0.34,0.12222536195072392,0.010505581089954039,0.23433852356354634,0.28612815138772785,0.18531501055993216,110,0.2756225702977738
Snowman,Sia,1,2.0,2.0,34,34.0,0.0013385826771653544,0.0013385826771653544,0.03225806451612903,0.34,0.11530480060960123,Low,0.34,0.12222536195072392,0.010505581089954039,0.23433852356354634,0.28612815138772785,0.18531501055993216,111,0.2756225702977738
double take,Dhruv,6,3.8333333333333335,10.0,39,44.0,0.003937007874015748,0.0012073490813648293,0.1935483870967742,0.14,0.11978155956311914,Low,0.24,0.11363432393531454,0.009411249726417159,0.24522355539415858,0.26258490071781465,0.18055633455711578,112,0.2531736509913975
Seven (feat. Latto) (Summer Mix),Jung Kook & Latto,1,5.0,5.0,35,35.0,0.0031496062992125984,0.0031496062992125984,0.03225806451612903,0.32,0.1098481076962154,Low,0.32,0.11631394462788926,0.025607353906762966,0.22107082774413966,0.2699282486988638,0.17953188292708008,113,0.2443208947921008
VIBE (feat. Jimin of BTS),TAEYANG,7,16.571428571428573,98.0,43,46.142857142857146,0.003858267716535433,0.0010348706411698538,0.22580645161290322,0.09714285714285709,0.11977589898036937,Low,0.16,0.1109400195943249,0.007972985648625834,0.24520979194965536,0.25520131303409377,0.17753578243889995,114,0.24722832738546793
한 페이지가 될 수 있게,DAY6,1,2.0,2.0,35,35.0,0.0012598425196850393,0.0012598425196850393,0.03225806451612903,0.32,0.10928117856235713,Low,0.32,0.11569977139954281,0.00984898227183191,0.21969236584082466,0.2682451419259948,0.17373282239993637,115,0.2583961596541629
Hate You,Jung Kook,6,2.5,3.0,39,44.5,0.0009448818897637794,0.0006233595800524934,0.1935483870967742,0.13,0.11660636271272544,Low,0.24,0.11019452734738804,0.004541475158678048,0.23750321147038406,0.2531583339656005,0.173093983450198,116,0.24861685880692244
AK47,Men's Tear & 뷰티풀너드,2,2.0,2.0,35,37.5,0.0012598425196850393,0.001062992125984252,0.06451612903225806,0.27,0.1071253492506985,Low,0.32,0.11067611760223521,0.008207485226526593,0.21445056682452274,0.2544781046463631,0.166587280582768,117,0.24627061941983652
Who (Acoustic Remix),Jimin,5,6.8,24.0,36,43.4,0.0011811023622047244,0.0008661417322834645,0.16129032258064516,0.15200000000000002,0.1103759715519431,Low,0.3,0.10613310896621793,0.006565988181221274,0.22235430423494126,0.24202824807239723,0.16450368976193486,118,0.23546225989117595
SPOT!,ZICO & JENNIE,2,45.0,88.0,36,40.5,0.02078740157480315,0.010984251968503937,0.06451612903225806,0.21,0.0921017272034544,Low,0.3,0.0944005270510541,0.09093893630991465,0.1779213263866758,0.20987577516533495,0.16301066643617815,119,0.11893683885542031
Who (Rock Remix),Jimin,5,6.0,14.0,35,43.6,0.0014173228346456691,0.0010078740157480315,0.16129032258064516,0.14799999999999996,0.10921849123698246,Low,0.32,0.10487917195834391,0.007747866053841104,0.21953994451567313,0.2385919050777897,0.1626705071738643,120,0.23084403902394862
People Pt.2 (feat. IU),Agust D,2,14.5,25.0,35,40.0,0.015748031496062992,0.008346456692913385,0.06451612903225806,0.22,0.09431038862077724,Low,0.32,0.09679324358648718,0.06894287590282337,0.18329158421834044,0.21643287863463706,0.1605864247693891,121,0.14749000273181367
Please Please Please,Sabrina Carpenter,5,6.6,13.0,33,44.0,0.0056692913385826766,0.0017952755905511811,0.16129032258064516,0.14,0.10705471170942343,Low,0.36,0.10253507747015495,0.014313854235062378,0.21427881491802103,0.23216804756133977,0.160550558138295,122,0.2178541933262774
Memories,RIIZE,4,2.75,4.0,24,42.0,0.003188976377952756,0.0010531496062992126,0.12903225806451613,0.18,0.10592884810769622,Low,0.54,0.10400356394462788,0.008125410374261326,0.21154132977107154,0.23619235115677045,0.15914441143702307,123,0.22806694078250914
Melt Down,DAY6,4,2.25,3.0,40,42.25,0.001062992125984252,0.0007775590551181102,0.12903225806451613,0.175,0.10434617094234189,Low,0.22,0.10228899701549403,0.0058273145108338805,0.20769312362431722,0.2314936780825112,0.1554635749506401,124,0.22566636357167733
Not Like Us,Kendrick Lamar,5,7.8,21.0,40,44.8,0.003464566929133858,0.0017086614173228345,0.16129032258064516,0.12400000000000005,0.10222872745745493,Low,0.22,0.09730692786385575,0.013591595535128035,0.20254465796605228,0.2178406011572926,0.1512123193537091,125,0.20424900562216455
Holssi,IU,2,2.5,3.0,30,39.0,0.001653543307086614,0.0010039370078740158,0.06451612903225806,0.24,0.09810763271526542,Low,0.42,0.10090692468884936,0.007715036112934998,0.19252440717491884,0.22770618754041574,0.14939521898424757,126,0.21999115142748074
3D (Justin Timberlake Remix),Jung Kook & Justin Timberlake,1,6.0,6.0,38,38.0,0.0030708661417322837,0.0030708661417322837,0.03225806451612903,0.26,0.0918244856489713,Low,0.26,0.09678835407670816,0.024950755088640843,0.17724722640125098,0.21641947921140392,0.14526857349102146,127,0.19146872412276308
Lilith (feat. SUGA of BTS) (Diablo IV Anthem),Halsey & SUGA,6,4.166666666666667,11.0,41,47.0,0.0011811023622047244,0.000583989501312336,0.1935483870967742,0.08,0.10159455168910338,Low,0.2,0.09393173207179747,0.004213175749616984,0.20100268898885615,0.20859106920900708,0.1446217680941372,128,0.2043778934593901
Fry’s Dream,AKMU,2,7.0,11.0,39,40.0,0.004330708661417323,0.002874015748031496,0.06451612903225806,0.22,0.09266865633731268,Low,0.24,0.09501470027940057,0.02330925804333552,0.17929978828999082,0.21155888193820396,0.14379331199286882,129,0.18824962389486843
A Psalm of Life,Lim Young Woong,6,25.333333333333332,132.0,45,47.333333333333336,0.0051968503937007875,0.0014829396325459316,0.1935483870967742,0.07333333333333329,0.09986423672847346,Low,0.12,0.09205722419778171,0.011709345589844605,0.19679550838811358,0.20345408707931317,0.1436001620905527,130,0.19174474148946857
Sudden Shower,ECLIPSE,4,3.25,5.0,38,43.5,0.0015354330708661418,0.0007775590551181103,0.12903225806451613,0.15,0.0968461709423419,Low,0.26,0.09416399701549404,0.005827314510833881,0.18945722136171284,0.2092275780664319,0.14128787415310082,131,0.20340026355559804
Father,Lim Young Woong,5,4.8,10.0,42,45.6,0.001968503937007874,0.0008346456692913385,0.16129032258064516,0.10799999999999997,0.09716652273304545,Low,0.18,0.09182287274574547,0.0063033486539724225,0.19023614188770221,0.20281186026454978,0.1394578053494799,132,0.19650851161057736
You & Me,JENNIE,6,6.833333333333333,18.0,46,47.666666666666664,0.002559055118110236,0.0007677165354330709,0.1935483870967742,0.06666666666666671,0.09764966979933962,Low,0.1,0.0896581100245534,0.0057452396585686155,0.19141089157828947,0.19687945124779377,0.1376251918866997,133,0.19113421158922517
Shot Glass of Tears,Jung Kook,5,15.8,62.0,44,47.2,0.01708661417322835,0.003677165354330709,0.16129032258064516,0.07599999999999994,0.08841927863855727,Low,0.14,0.08234669164338326,0.030006565988181223,0.1689676234378049,0.1768429253481587,0.1300356618715416,134,0.1468363593599775
STUPID IN LOVE (feat. HUH YUNJIN of LE SSERAFIM),MAX,3,11.333333333333334,16.0,32,43.0,0.0018897637795275589,0.001548556430446194,0.0967741935483871,0.16,0.0871742443484887,Low,0.38,0.0863742485818305,0.012256511271613044,0.16594038028750066,0.18788021588501044,0.12751416204186278,135,0.1756237046133974
Lucky Girl Syndrome,ILLIT,4,6.25,17.0,43,45.0,0.004685039370078741,0.001614173228346457,0.12903225806451613,0.12,0.08809715519431038,Low,0.16,0.08468589662179324,0.012803676953381487,0.1681843952183676,0.1832533834413756,0.12684432561692455,136,0.1704497064879941
My You,Jung Kook,6,10.833333333333334,50.0,47,48.833333333333336,0.007874015748031496,0.0014829396325459316,0.1935483870967742,0.043333333333333286,0.09086423672847345,Low,0.08,0.0823072241977817,0.011709345589844605,0.17491242567298826,0.17673476706001798,0.12658932113350554,137,0.16502542147017338
"Yes or No (Feat. 허윤진 of LE SSERAFIM, Crush)",GroovyRoom & HUH YUNJIN,2,2.0,2.0,41,41.0,0.0007874015748031496,0.0007874015748031496,0.06451612903225806,0.2,0.08604267208534416,Low,0.2,0.08783655067310135,0.005909389363099147,0.16318901479499698,0.19188757153029767,0.12604962202278286,138,0.18597818216719852
Talk Saxy,RIIZE,6,12.5,34.0,46,48.833333333333336,0.002677165354330709,0.0009776902887139109,0.1935483870967742,0.043333333333333286,0.09071266192532383,Low,0.1,0.08214301816103631,0.007496169840227622,0.1745438785668936,0.17628476976310511,0.12503887786756782,139,0.16878859992287748
Nest,Lim Young Woong,6,5.166666666666667,11.0,46,49.0,0.0004330708661417323,0.0003083989501312336,0.1935483870967742,0.04,0.08951187452374905,Low,0.1,0.08084216514266362,0.0019150798861895383,0.17162421967445568,0.17271985611223684,0.12109495049119923,140,0.1708047762260473
Lovely Touch,Lim Young Woong,5,32.0,138.0,44,48.0,0.010866141732283466,0.002897637795275591,0.16129032258064516,0.06,0.08338542037084075,Low,0.14,0.07689334518669037,0.02350623768877216,0.15672803045462066,0.16189833979405957,0.11857110089366972,141,0.1383921021052874
Guess featuring Billie Eilish,Charli xcx & Billie Eilish,1,3.0,3.0,40,40.0,0.0012992125984251969,0.0012992125984251969,0.03225806451612903,0.22,0.07929298958597918,Low,0.22,0.08321256667513335,0.010177281680892976,0.14677747474672614,0.17921580658611236,0.11715083297076136,142,0.1690385249052194
The Planet,BTS,3,7.333333333333333,12.0,42,44.0,0.002362204724409449,0.0017585301837270341,0.0967741935483871,0.14,0.08123723647447295,Low,0.18,0.07994249005164678,0.014007441453272053,0.15150482091111883,0.17025434773579912,0.1168179414624029,143,0.15624690628252708
녹아내려요 Melt Down,DAY6,1,2.0,2.0,40,40.0,0.0008661417322834645,0.0008661417322834645,0.03225806451612903,0.22,0.07916306832613666,Low,0.22,0.08307181864363729,0.006565988181221274,0.14646157722721648,0.17883009461732988,0.1158218815999576,144,0.1722641064361086
Seven (feat. Latto) (Band Ver.),Jung Kook & Latto,3,3.6666666666666665,5.0,34,44.0,0.003346456692913386,0.001272965879265092,0.0967741935483871,0.14,0.08109156718313436,Low,0.34,0.07978468165269664,0.0099584154081856,0.1511506327831837,0.1698218828011036,0.11532790507695623,145,0.159863467392918
Let's Say Goodbye,Parc Jae Jung,2,2.0,2.0,38,42.0,0.0010236220472440946,0.0007086614173228347,0.06451612903225806,0.18,0.08001905003810007,Low,0.26,0.08131096012192024,0.0052527905449770195,0.14854285707227532,0.17400456206856466,0.1144674338627871,146,0.16875177152358764
Sunflower - Spider-Man: Into the Spider-Verse,Post Malone,5,15.2,64.0,46,48.2,0.010078740157480314,0.0022519685039370076,0.16129032258064516,0.055999999999999946,0.08199171958343915,Low,0.1,0.0753835026670053,0.018122127380170713,0.1533393116089713,0.15776070231075656,0.11432164308595597,147,0.13963857493058585
Dangerously,Charlie Puth,4,5.25,11.0,44,46.0,0.003031496062992126,0.001141732283464567,0.12903225806451613,0.1,0.08195542291084582,Low,0.14,0.07803235331470662,0.008864084044648722,0.15325105793245533,0.16501972673529489,0.11405399984710718,148,0.15615564269064616
Haegeum,Agust D,5,3.4,4.0,45,47.8,0.0006299212598425197,0.0004015748031496063,0.16129032258064516,0.06400000000000006,0.08383660147320297,Low,0.12,0.07738212471424945,0.0026920551543007224,0.15782505638600888,0.16323781226746784,0.11317962057500705,149,0.16054575711316713
NEMONEMO,YENA,5,3.2,6.0,44,47.8,0.0005511811023622047,0.0003622047244094488,0.16129032258064516,0.06400000000000006,0.08382479044958092,Low,0.14,0.0773693294386589,0.0023637557452396585,0.15779633842968982,0.1632027475430331,0.11305880681402491,150,0.16083899179779343
For Us,V,1,52.0,52.0,44,44.0,0.014330708661417325,0.014330708661417325,0.03225806451612903,0.14,0.05920243840487681,Low,0.14,0.061447802895605794,0.11884438608010509,0.09792823104800158,0.11957071032256762,0.11177794530373074,151,0.021642479274566043
Blue,V,4,15.25,54.0,43,46.75,0.010629921259842521,0.00297244094488189,0.12903225806451613,0.085,0.07800463550927102,Low,0.16,0.07375233362966727,0.024130006565988182,0.14364490154372908,0.15329057641186417,0.11116641925425408,152,0.12916056984587598
Bling-Bang-Bang-Born,Creepy Nuts,4,6.75,21.0,42,46.25,0.0024803149606299215,0.0009350393700787403,0.12903225806451613,0.095,0.08039341503683006,Low,0.18,0.07634017811785623,0.007140512147078137,0.14945310820925936,0.16038241692879648,0.11058458744244298,153,0.15324190478171834
Rainy Days,V,4,5.5,10.0,44,46.5,0.002204724409448819,0.0008464566929133858,0.12903225806451613,0.09,0.07886684023368047,Low,0.14,0.0746863887477775,0.006401838476690742,0.1457413123550206,0.15585030129560243,0.10747761632072528,154,0.1494484628189117
Teddy Bear,STAYC,4,2.5,3.0,45,46.5,0.0005905511811023622,0.00044291338582677165,0.12903225806451613,0.09,0.07874577724155449,Low,0.12,0.07455523717297435,0.003036769533814839,0.14544695330275023,0.15549088787014603,0.10623927527065813,155,0.15245411833633118
"Angel Pt. 2 (feat. Jimin of BTS, Charlie Puth and Muni Long)",Fast & Furious: The Fast Saga & Jimin & BTS,3,26.333333333333332,71.0,44,46.333333333333336,0.01956692913385827,0.0068241469816272965,0.0967741935483871,0.09333333333333328,0.06875692151384301,Low,0.14,0.06642214884429767,0.05624863208579558,0.12115951373397654,0.13320262224972484,0.10590133722003416,156,0.07695399016392926
Sweet Night,V,2,3.0,4.0,39,43.0,0.0018897637795275589,0.0011023622047244093,0.06451612903225806,0.16,0.07413716027432055,Low,0.24,0.07493891287782575,0.008535784635587655,0.13424131482538243,0.1565423293000489,0.10433501083457726,157,0.14800654466446125
Rockstar,LISA,1,2.0,2.0,41,41.0,0.0007874015748031496,0.0007874015748031496,0.03225806451612903,0.2,0.07313944627889256,Low,0.2,0.07654622809245619,0.005909389363099147,0.1318154195044948,0.1609470851555969,0.10423969343996183,158,0.15503769579249774
Come back to me,RM,1,10.0,10.0,42,42.0,0.003543307086614173,0.003543307086614173,0.03225806451612903,0.18,0.06796621793243586,Low,0.18,0.07094189738379476,0.028890347997373604,0.1192369546367456,0.14558873585316737,0.1013560960706816,159,0.11669838785579376
"무제(無題) (Untitled, 2014)",G-DRAGON,1,22.0,22.0,43,43.0,0.006929133858267717,0.006929133858267717,0.03225806451612903,0.16,0.06298196596393192,Low,0.16,0.06554229108458216,0.05712409717662509,0.10711797707010141,0.13079142214169417,0.10040551887711598,160,0.07366732496506909
FLOWER,JISOO,3,9.0,23.0,44,45.666666666666664,0.005433070866141732,0.002073490813648294,0.0967741935483871,0.10666666666666672,0.07133172466344934,Low,0.14,0.06921151892303787,0.01663383672576056,0.12742002821153214,0.14084673217650492,0.09888351715354113,161,0.12421289545074436
アイドル,YOASOBI,3,9.0,19.0,44,45.666666666666664,0.0022440944881889765,0.0014435695538057743,0.0967741935483871,0.10666666666666672,0.07114274828549659,Low,0.14,0.06900679451358904,0.011381046180783541,0.12696054091042716,0.14028569658554857,0.09695049697782657,162,0.12890465040476504
Last Christmas - Single Version,Wham!,1,4.0,4.0,42,42.0,0.0014173228346456691,0.0014173228346456691,0.03225806451612903,0.18,0.06732842265684531,Low,0.18,0.070250952501905,0.011162179908076164,0.11768618499551627,0.14369524073368975,0.09483215297764495,163,0.13253306082561359
Dance The Night (From Barbie The Album),Dua Lipa,3,18.333333333333332,47.0,45,47.0,0.011102362204724409,0.004120734908136483,0.0967741935483871,0.08,0.06394589789179579,Low,0.12,0.06121020658707983,0.03370540599693587,0.109461732860012,0.11891959116329498,0.0900450852072382,164,0.08521418516635912
Sugarcoat (NATTY Solo),KISS OF LIFE,3,3.0,4.0,44,46.333333333333336,0.0007874015748031496,0.0005249343832020997,0.0967741935483871,0.09333333333333328,0.06686715773431545,Low,0.14,0.06437490474980949,0.0037207266360253883,0.11656464072292662,0.12759226634016155,0.08657113546288847,165,0.12387153970413615
HERO,Lim Young Woong,4,3.5,6.0,46,48.25,0.0003937007874015748,0.0002952755905511811,0.12903225806451613,0.055,0.06820148590297181,Low,0.1,0.06313225488950977,0.0018056467498358503,0.11980899779890761,0.12418685513100457,0.08594024255042002,166,0.12238120838116871
Broken Melodies,NCT DREAM,1,20.0,20.0,44,44.0,0.005511811023622048,0.005511811023622048,0.03225806451612903,0.14,0.05655676911353823,Low,0.14,0.058581661163322335,0.0453053184504268,0.09149540883253168,0.11171621204917903,0.08471566284372678,167,0.06641089359875224
CARNIVAL,¥$ & Kanye West & Ty Dolla $ign,3,7.333333333333333,13.0,42,46.666666666666664,0.002480314960629921,0.0010761154855643044,0.0967741935483871,0.08666666666666671,0.06503251206502414,Low,0.18,0.06238737194141056,0.00831691836288028,0.11210378484136571,0.12214554581129392,0.08448234123729495,168,0.11382862744841364
Spring Snow,10CM,3,3.0,4.0,44,46.666666666666664,0.0005905511811023622,0.0004330708661417323,0.0967741935483871,0.08666666666666671,0.06483959867919736,Low,0.14,0.06217838244009822,0.0029546946815495736,0.11163472488815436,0.1215728219788593,0.08250904980791965,169,0.11861812729730972
Like Crazy (Instrumental),Jimin,2,4.0,6.0,41,45.0,0.002362204724409449,0.0012598425196850393,0.06451612903225806,0.12,0.06218440436880874,Low,0.2,0.061990093980187955,0.00984898227183191,0.10517874303049166,0.1210568281720611,0.08213714460244304,170,0.1112078459002292
wherever u r (ft. V of BTS),UMI & V,2,4.0,6.0,41,45.0,0.002362204724409449,0.0012598425196850393,0.06451612903225806,0.12,0.06218440436880874,Low,0.2,0.061990093980187955,0.00984898227183191,0.10517874303049166,0.1210568281720611,0.08213714460244304,171,0.1112078459002292
Little Light,DOYOUNG,1,3.0,3.0,43,43.0,0.0009448818897637795,0.0009448818897637795,0.03225806451612903,0.16,0.061186690373380745,Low,0.16,0.06359740919481839,0.007222586999343402,0.102752847709604,0.12546158402760907,0.08204182720782759,172,0.11823899702826567
MANIAC,VIVIZ,4,5.0,11.0,48,48.75,0.0005905511811023622,0.00035433070866141734,0.12903225806451613,0.045,0.06521920243840489,Low,0.06,0.05990144780289561,0.002298095863427446,0.11255771382834444,0.11533301221122504,0.08045118287287754,173,0.1130349163477976
SOS,KANGDANIEL,3,4.0,8.0,45,47.0,0.0006299212598425197,0.0004724409448818897,0.0967741935483871,0.08,0.06285140970281941,Low,0.12,0.060024511049022095,0.0032829940906106366,0.10680053557444558,0.11567026003233959,0.078849676689558,174,0.11238726594172894
I Don’t Think That I Like Her,Charlie Puth,4,7.5,18.0,48,49.0,0.0014173228346456694,0.0005905511811023622,0.12903225806451613,0.04,0.06379006858013717,Low,0.06,0.05835321945643891,0.004267892317793828,0.10908284111373792,0.11109018055461779,0.07834092527926265,175,0.10682228823682396
Cupid - Twin Ver.,FIFTY FIFTY,3,6.333333333333333,11.0,43,47.333333333333336,0.0009448818897637795,0.0005905511811023622,0.0967741935483871,0.07333333333333329,0.06088684277368554,Low,0.16,0.05789623020912707,0.004267892317793828,0.1020237821733749,0.10983782753468938,0.07543193109316064,176,0.10556993521689555
Christmas Tree,V,1,9.0,9.0,44,44.0,0.0024803149606299215,0.0024803149606299215,0.03225806451612903,0.14,0.05564732029464059,Low,0.14,0.05759642494284989,0.020026263952724888,0.0892841261959639,0.10901622826770169,0.07541300324810042,177,0.0889899643149768
Candy (Feat. Zion.T),Jay Park,3,3.6666666666666665,4.0,45,47.333333333333336,0.0009448818897637794,0.0005249343832020996,0.0967741935483871,0.07333333333333329,0.06086715773431546,Low,0.12,0.05787490474980948,0.0037207266360253875,0.10197591891284312,0.1097793863272981,0.07523057482485704,178,0.1060586596912727
Kill Bill,SZA,3,2.6666666666666665,4.0,46,47.333333333333336,0.0006299212598425197,0.0003937007874015748,0.0967741935483871,0.07333333333333329,0.060827787655575304,Low,0.1,0.05783225383117432,0.0026263952724885093,0.10188019239177959,0.10966250391251552,0.07482786228824984,179,0.10703610864002701
Loving You,Lim Young Woong,3,5.333333333333333,12.0,46,47.666666666666664,0.002362204724409449,0.0009186351706036745,0.0967741935483871,0.06666666666666671,0.05898526797053595,Low,0.1,0.05583619083904835,0.007003720726636026,0.09740019120600595,0.10419240690069138,0.07265852555533486,180,0.09718868617405536
Chk Chk Boom,Stray Kids,1,4.0,4.0,44,44.0,0.0011023622047244095,0.0011023622047244095,0.03225806451612903,0.14,0.055233934467868936,Low,0.14,0.0571485902971806,0.008535784635587657,0.08827899772479673,0.10778896291248473,0.0711845216137248,181,0.09925317827689707
"Steal The Show - From ""Elemental""",Lauv,1,3.0,3.0,44,44.0,0.0008267716535433072,0.0008267716535433072,0.03225806451612903,0.14,0.055151257302514606,Low,0.14,0.05705902336804674,0.0062376887721602116,0.0880779720305633,0.1075435098414413,0.07033882528684968,182,0.10130582106928109
Still With You,Jung Kook,1,3.0,3.0,44,44.0,0.0008267716535433072,0.0008267716535433072,0.03225806451612903,0.14,0.055151257302514606,Low,0.14,0.05705902336804674,0.0062376887721602116,0.0880779720305633,0.1075435098414413,0.07033882528684968,183,0.10130582106928109
Discord,QWER,1,3.0,3.0,44,44.0,0.0008267716535433072,0.0008267716535433072,0.03225806451612903,0.14,0.055151257302514606,Low,0.14,0.05705902336804674,0.0062376887721602116,0.0880779720305633,0.1075435098414413,0.07033882528684968,184,0.10130582106928109
Swan Song,LE SSERAFIM,1,2.0,2.0,44,44.0,0.0005511811023622047,0.0005511811023622047,0.03225806451612903,0.14,0.055068580137160275,Low,0.14,0.05696945643891288,0.003939592908732765,0.08787694633632986,0.10729805677039793,0.06949312895997456,185,0.10335846386166517
예뻤어,DAY6,1,2.0,2.0,44,44.0,0.0005511811023622047,0.0005511811023622047,0.03225806451612903,0.14,0.055068580137160275,Low,0.14,0.05696945643891288,0.003939592908732765,0.08787694633632986,0.10729805677039793,0.06949312895997456,186,0.10335846386166517
ABCD,NAYEON,1,2.0,2.0,44,44.0,0.0005511811023622047,0.0005511811023622047,0.03225806451612903,0.14,0.055068580137160275,Low,0.14,0.05696945643891288,0.003939592908732765,0.08787694633632986,0.10729805677039793,0.06949312895997456,187,0.10335846386166517
Klaxon,(G)I-DLE,2,3.0,3.0,45,46.0,0.0007086614173228346,0.0005905511811023622,0.06451612903225806,0.1,0.05598361696723393,Low,0.12,0.05527257429514859,0.004267892317793828,0.09010181596298407,0.10264784784380658,0.06874275002771486,188,0.09837995552601275
Don't Look Back in Anger - Remastered,Oasis,2,2.0,2.0,45,46.0,0.0004724409448818897,0.0003937007874015748,0.06451612903225806,0.1,0.05592456184912369,Low,0.12,0.05520859791719584,0.0026263952724885093,0.08995822618138875,0.10247252422163272,0.06813868122280406,189,0.09984612894914421
Taste,Sabrina Carpenter,3,3.6666666666666665,4.0,47,48.0,0.0006299212598425197,0.00045931758530183726,0.0967741935483871,0.06,0.056847472694945396,Low,0.08,0.05352024595715858,0.003173560954256949,0.09220224111225571,0.0978456917779979,0.06746884479786584,190,0.09467213082374096
Pump Up The Volume!,PLAVE,2,17.5,33.0,47,47.0,0.0051968503937007875,0.0027559055118110236,0.06451612903225806,0.08,0.050633223266446536,Low,0.08,0.04947631445262891,0.022324359816152328,0.07709258175044897,0.0867635276748555,0.06404694624370226,191,0.06443916785870317
"How can I love the heartbreak, you're the one I love",AKMU,2,2.0,2.0,44,46.5,0.0005511811023622047,0.00035433070866141734,0.06451612903225806,0.09,0.05291275082550165,Low,0.14,0.05194580264160528,0.002298095863427446,0.08263514732002794,0.09353101949076623,0.062347587142806186,192,0.09123292362733879
LOVE DIVE,IVE,3,10.0,21.0,48,48.666666666666664,0.0024803149606299215,0.0010629921259842521,0.0967741935483871,0.04666666666666672,0.053028575057150126,Low,0.06,0.049383106849547054,0.008207485226526595,0.08291676856909233,0.08650809754408881,0.06176094870757137,193,0.07830061231756222
CROOKED,G-DRAGON,2,10.5,17.0,47,47.0,0.002677165354330709,0.0016535433070866143,0.06451612903225806,0.08,0.050302514605029214,Low,0.08,0.049118046736093476,0.01313197636244255,0.07628847897351525,0.08578171539068195,0.06066416093620178,194,0.0726497390282394
WAY 4 LUV,PLAVE,1,55.0,55.0,47,47.0,0.008661417322834646,0.008661417322834646,0.03225806451612903,0.08,0.039501651003302,Low,0.08,0.04010528321056642,0.0715692711753119,0.05002667990780608,0.0610827499653703,0.060359081808205296,195,0.021542591267505816
I’ll See You There Tomorrow,TOMORROW X TOGETHER,1,3.0,3.0,45,45.0,0.0007086614173228346,0.0007086614173228346,0.03225806451612903,0.12,0.04911582423164846,Low,0.12,0.05052063754127508,0.005252790544977019,0.07340309635152259,0.08962543565527353,0.05863582336587174,196,0.08437264511029652
MEOW,MEOVV,1,2.0,2.0,45,45.0,0.0004724409448818897,0.0004724409448818897,0.03225806451612903,0.12,0.04904495808991618,Low,0.12,0.050443865887731774,0.0032829940906106366,0.07323078861360821,0.08941504730866491,0.057910940799978786,197,0.08613205321805427
CRAZY,LE SSERAFIM,1,2.0,2.0,45,45.0,0.0004724409448818897,0.0004724409448818897,0.03225806451612903,0.12,0.04904495808991618,Low,0.12,0.050443865887731774,0.0032829940906106366,0.07323078861360821,0.08941504730866491,0.057910940799978786,198,0.08613205321805427
Don't Look Back In Anger - Remastered,Oasis,1,2.0,2.0,45,45.0,0.0004724409448818897,0.0004724409448818897,0.03225806451612903,0.12,0.04904495808991618,Low,0.12,0.050443865887731774,0.0032829940906106366,0.07323078861360821,0.08941504730866491,0.057910940799978786,199,0.08613205321805427
My Starry Love,Lim Young Woong,3,11.333333333333334,21.0,48,49.0,0.0008267716535433072,0.0006824146981627297,0.0967741935483871,0.04,0.050914401828803656,Low,0.06,0.04709275251883838,0.005033924272269644,0.07777625438798019,0.08023151187026482,0.056812895472066645,200,0.07519758759799518
Baddie,IVE,3,14.0,18.0,49,49.333333333333336,0.0012598425196850393,0.0008661417322834646,0.0967741935483871,0.033333333333333284,0.04896951993903986,Low,0.04,0.04498579713826093,0.006565988181221275,0.07304736424744127,0.07445752058000589,0.053596506143972884,201,0.06789153239878462
Saturn,SZA,2,4.5,7.0,46,47.5,0.0005511811023622047,0.00047244094488188977,0.06451612903225806,0.07,0.0469481838963678,Low,0.1,0.045484188468376936,0.003282994090610637,0.06813257937890162,0.07582333365120708,0.05136946778772124,202,0.07254033956059644
Elevator,Lim Young Woong,3,6.666666666666667,16.0,49,49.666666666666664,0.0006299212598425197,0.0002887139107611548,0.0967741935483871,0.026666666666666713,0.0467962915925832,Low,0.04,0.04263146642959954,0.001750930181659006,0.06776326028473394,0.06800561128400819,0.04804438410355744,203,0.06625468110234918
Love Station,Lim Young Woong,3,5.666666666666667,12.0,49,49.666666666666664,0.00047244094488188977,0.00024934383202099736,0.0967741935483871,0.026666666666666713,0.04678448056896115,Low,0.04,0.04261867115400899,0.0014226307725979425,0.06773454232841486,0.06797054655957341,0.04792357034257527,204,0.06654791578697547
CHIHIRO,Billie Eilish,1,4.0,4.0,46,46.0,0.0007874015748031496,0.0007874015748031496,0.03225806451612903,0.1,0.04313944627889255,Low,0.1,0.04404622809245618,0.005909389363099147,0.05887181045407718,0.07188268509127964,0.04753689024980463,205,0.06597329572818049
K-POP,Travis Scott & Bad Bunny & The Weeknd,1,3.0,3.0,46,46.0,0.0005905511811023622,0.0005905511811023622,0.03225806451612903,0.1,0.04308039116078232,Low,0.1,0.04398225171450343,0.004267892317793828,0.05872822067248188,0.0717073614691058,0.04693282144489383,206,0.06743946915131196
Spicy,aespa,1,3.0,3.0,46,46.0,0.0005905511811023622,0.0005905511811023622,0.03225806451612903,0.1,0.04308039116078232,Low,0.1,0.04398225171450343,0.004267892317793828,0.05872822067248188,0.0717073614691058,0.04693282144489383,207,0.06743946915131196
Like That,Future & Metro Boomin,1,2.0,2.0,46,46.0,0.0003937007874015748,0.0003937007874015748,0.03225806451612903,0.1,0.04302133604267208,Low,0.1,0.043918275336550676,0.0026263952724885093,0.058584630890886565,0.07153203784693195,0.046328752639983026,208,0.06890564257444344
No Tomorrow - Spotify Singles,Various Artists,1,2.0,2.0,46,46.0,0.0003937007874015748,0.0003937007874015748,0.03225806451612903,0.1,0.04302133604267208,Low,0.1,0.043918275336550676,0.0026263952724885093,0.058584630890886565,0.07153203784693195,0.046328752639983026,209,0.06890564257444344
vampire,Olivia Rodrigo,2,3.0,3.0,48,48.0,0.0003543307086614173,0.0003543307086614173,0.06451612903225806,0.06,0.04391275082550165,Low,0.06,0.04219580264160528,0.0022980958634274454,0.06075206460490266,0.06681169947147104,0.04533674618575903,210,0.0645136036080436
Super,SEVENTEEN,2,3.0,3.0,47,48.0,0.00047244094488188977,0.00035433070866141734,0.06451612903225806,0.06,0.04391275082550165,Low,0.08,0.04219580264160528,0.002298095863427446,0.06075206460490266,0.06681169947147104,0.04533674618575903,211,0.0645136036080436
Lovin On Me,Jack Harlow,2,2.5,3.0,47,48.0,0.00031496062992125983,0.00027559055118110237,0.06451612903225806,0.06,0.043889128778257555,Low,0.08,0.04217021209042418,0.0016414970453053185,0.06069462869226454,0.06674157002260152,0.04509511866379472,212,0.0651000729772962
GODS,League of Legends & NewJeans,2,4.5,6.0,48,48.5,0.00047244094488188977,0.0004133858267716535,0.06451612903225806,0.05,0.04093046736093472,Low,0.06,0.03896499555499111,0.002790544977019041,0.05350078063433949,0.05795785655169149,0.03984768650821655,213,0.05516731157467245
Touch,KATSEYE,2,3.0,4.0,47,48.5,0.00031496062992125983,0.00023622047244094486,0.06451612903225806,0.05,0.0408773177546355,Low,0.08,0.03890741681483363,0.0013131976362442544,0.053371549830903704,0.05780006529173502,0.03930402458379682,214,0.05648686765549077
Mars,D.O.,1,6.0,6.0,47,47.0,0.0009448818897637795,0.0009448818897637795,0.03225806451612903,0.08,0.037186690373380744,Low,0.08,0.03759740919481839,0.007222586999343402,0.044397960469269915,0.054210063976155284,0.03667958465570184,215,0.04698747697681188
Bite Me,ENHYPEN,1,4.0,4.0,47,47.0,0.0006299212598425197,0.0006299212598425197,0.03225806451612903,0.08,0.037092202184404365,Low,0.08,0.037495046990093976,0.004596191726854892,0.044168216818717417,0.05392954618067711,0.03571307456784455,216,0.04933335445382221
bye,Ariana Grande,1,2.0,2.0,47,47.0,0.00031496062992125983,0.00031496062992125983,0.03225806451612903,0.08,0.03699771399542799,Low,0.08,0.03739268478536957,0.001969796454366382,0.04393847316816493,0.05364902838519896,0.03474656447998727,217,0.05167923193083258
I will come to you,Jin,1,2.0,2.0,47,47.0,0.00031496062992125983,0.00031496062992125983,0.03225806451612903,0.08,0.03699771399542799,Low,0.08,0.03739268478536957,0.001969796454366382,0.04393847316816493,0.05364902838519896,0.03474656447998727,218,0.05167923193083258
Intro: Singularity,BTS,2,3.5,4.0,49,49.0,0.00031496062992125983,0.00027559055118110237,0.06451612903225806,0.04,0.03788912877825756,Low,0.04,0.03567021209042418,0.0016414970453053185,0.046105906882181025,0.04892869000973807,0.03375455802576328,219,0.04728719296443275
In Bloom,ZEROBASEONE,2,3.0,3.0,48,49.0,0.0003543307086614173,0.00023622047244094486,0.06451612903225806,0.04,0.03787731775463551,Low,0.06,0.03565741681483363,0.0013131976362442544,0.046077188925861955,0.0488936252853033,0.033633744264781114,220,0.047580427649059044
Drowning,WOODZ,2,2.5,3.0,49,49.0,0.00023622047244094488,0.0001968503937007874,0.06451612903225806,0.04,0.037865506731013465,Low,0.04,0.03564462153924308,0.0009848982271831912,0.046048470969542905,0.048858560560868534,0.03351293050379896,221,0.04787366233368534
Queencard,(G)I-DLE,2,9.0,13.0,49,49.5,0.0005118110236220473,0.00045275590551181104,0.06451612903225806,0.03,0.03494227838455677,Low,0.04,0.032477790830581665,0.0031188443860801053,0.03894077678057504,0.04018004126326283,0.028627939631167283,222,0.03706119687718272
Midas Touch,KISS OF LIFE,2,5.0,8.0,49,49.5,0.00031496062992125983,0.00023622047244094486,0.06451612903225806,0.03,0.034877317754635505,Low,0.04,0.032407416814833626,0.0013131976362442544,0.03878282802082019,0.039987185278871566,0.02796346394576539,223,0.03867398764262731
Vancouver,BIG Naughty,2,51.5,101.0,50,50.0,0.003976377952755906,0.0020275590551181106,0.06451612903225806,0.02,0.03241471932943866,Low,0.02,0.029739601854203712,0.016250820748522656,0.03279513412829576,0.03267619023422192,0.027790209751437984,224,0.016544313379773103
Kitsch,IVE,2,2.0,2.0,49,49.5,0.00015748031496062991,0.00011811023622047243,0.06451612903225806,0.03,0.034841884683769364,Low,0.04,0.03236903098806197,0.0003282994090610636,0.03869667415186301,0.039881991105567255,0.02760102266281891,225,0.03955369169650619
Love You With All My Heart,Crush,1,6.0,6.0,48,48.0,0.0007086614173228346,0.0007086614173228346,0.03225806451612903,0.06,0.031115824231648465,Low,0.06,0.03102063754127508,0.005252790544977019,0.029636930921272033,0.03618679561668321,0.02461414145177744,226,0.030934005071706194
Slow Dancing (Piano Ver.),V,1,54.0,54.0,49,49.0,0.0042519685039370085,0.0042519685039370085,0.03225806451612903,0.04,0.026178816357632716,Low,0.04,0.02567221234442469,0.03479973736047275,0.017632825179904096,0.021529740802949126,0.024146819302140455,227,0.017166912180568657
Click Like (Prod. Crush) (Feat. Paul Blanco),Various Artists,1,4.0,4.0,48,48.0,0.0004724409448818897,0.0004724409448818897,0.03225806451612903,0.06,0.03104495808991618,Low,0.06,0.030943865887731774,0.0032829940906106366,0.029464623183357658,0.03597640727007459,0.023889258885884473,228,0.032693413179463955
Cool With You,NewJeans,1,4.0,4.0,48,48.0,0.0004724409448818897,0.0004724409448818897,0.03225806451612903,0.06,0.03104495808991618,Low,0.06,0.030943865887731774,0.0032829940906106366,0.029464623183357658,0.03597640727007459,0.023889258885884473,229,0.032693413179463955
Dare to Love (feat. BIG Naughty),B.I,1,3.0,3.0,48,48.0,0.0003543307086614173,0.0003543307086614173,0.03225806451612903,0.06,0.03100952501905004,Low,0.06,0.03090548006096012,0.0022980958634274454,0.029378469314400475,0.03587121309677028,0.023526817602937997,230,0.03357311723334283
Super Lady,(G)I-DLE,1,3.0,3.0,48,48.0,0.0003543307086614173,0.0003543307086614173,0.03225806451612903,0.06,0.03100952501905004,Low,0.06,0.03090548006096012,0.0022980958634274454,0.029378469314400475,0.03587121309677028,0.023526817602937997,231,0.03357311723334283
Steady,NCT WISH,1,3.0,3.0,48,48.0,0.0003543307086614173,0.0003543307086614173,0.03225806451612903,0.06,0.03100952501905004,Low,0.06,0.03090548006096012,0.0022980958634274454,0.029378469314400475,0.03587121309677028,0.023526817602937997,232,0.03357311723334283
Pleasure Shop,KEY,1,2.0,2.0,48,48.0,0.00023622047244094486,0.00023622047244094486,0.03225806451612903,0.06,0.030974091948183898,Low,0.06,0.03086709423418847,0.0013131976362442544,0.029292315445443293,0.03576601892346597,0.023164376319991516,233,0.03445282128722171
Trust in me,Lim Young Woong,1,2.0,2.0,48,48.0,0.00023622047244094486,0.00023622047244094486,0.03225806451612903,0.06,0.030974091948183898,Low,0.06,0.03086709423418847,0.0013131976362442544,0.029292315445443293,0.03576601892346597,0.023164376319991516,234,0.03445282128722171
Big Dawgs,Hanumankind & Kalmi,1,2.0,2.0,48,48.0,0.00023622047244094486,0.00023622047244094486,0.03225806451612903,0.06,0.030974091948183898,Low,0.06,0.03086709423418847,0.0013131976362442544,0.029292315445443293,0.03576601892346597,0.023164376319991516,235,0.03445282128722171
Better Things,aespa,2,9.5,16.0,50,50.0,0.0006299212598425197,0.00037401574803149607,0.06451612903225806,0.02,0.031918656337312674,Low,0.02,0.029202200279400556,0.0024622455679579776,0.031588979962895156,0.03120347180796154,0.022716031790187236,236,0.029126734394937178
Fortnight (feat. Post Malone),Taylor Swift,2,3.0,4.0,50,50.0,0.00015748031496062991,0.00011811023622047243,0.06451612903225806,0.02,0.03184188468376937,Low,0.02,0.029119030988061977,0.0003282994090610636,0.03140231324682126,0.030975551099135544,0.021930742343803197,237,0.031074013837760196
Love Me Like This,NMIXX,2,2.5,3.0,50,50.0,0.00011811023622047244,9.84251968503937e-05,0.06451612903225806,0.02,0.031835979171958344,Low,0.02,0.029112633350266703,0.00016414970453053186,0.03138795426866172,0.030958018736918162,0.021870335463312116,238,0.031223804564131187
Stay Alive (Prod. SUGA of BTS),Jung Kook,1,25.0,25.0,49,49.0,0.001968503937007874,0.001968503937007874,0.03225806451612903,0.04,0.02549377698755398,Low,0.04,0.024930086360172722,0.01575837163493106,0.015967183713398506,0.019495986785732434,0.017139621165175145,239,0.0037376151508013745
Impossible,RIIZE,1,24.0,24.0,49,49.0,0.001889763779527559,0.001889763779527559,0.03225806451612903,0.04,0.025470154940309884,Low,0.04,0.02490449580899162,0.01510177281680893,0.01590974780076038,0.019425857336862893,0.016897993643210825,240,0.004324084520053962
ANTIFRAGILE,LE SSERAFIM,1,13.0,13.0,49,49.0,0.0010236220472440946,0.0010236220472440946,0.03225806451612903,0.04,0.025210312420624843,Low,0.04,0.024622999745999494,0.00787918581746553,0.015277952761741011,0.018654433399297943,0.014240090901603292,241,0.010775247581832414
Take Two,BTS,1,6.0,6.0,49,49.0,0.00047244094488188977,0.00047244094488188977,0.03225806451612903,0.04,0.02504495808991618,Low,0.04,0.024443865887731776,0.003282994090610637,0.014875901373274143,0.01816352725721115,0.012548698247853044,242,0.014880533166600513
Why?,PLAVE,1,5.0,5.0,49,49.0,0.0003937007874015748,0.0003937007874015748,0.03225806451612903,0.04,0.025021336042672086,Low,0.04,0.024418275336550672,0.0026263952724885093,0.014818465460636017,0.018093397808341606,0.01230707072588872,243,0.015467002535853097
Nice Guy,BOYNEXTDOOR,1,5.0,5.0,49,49.0,0.0003937007874015748,0.0003937007874015748,0.03225806451612903,0.04,0.025021336042672086,Low,0.04,0.024418275336550672,0.0026263952724885093,0.014818465460636017,0.018093397808341606,0.01230707072588872,244,0.015467002535853097
MAESTRO,SEVENTEEN,1,4.0,4.0,49,49.0,0.00031496062992125983,0.00031496062992125983,0.03225806451612903,0.04,0.02499771399542799,Low,0.04,0.024392684785369573,0.001969796454366382,0.014761029547997892,0.018023268359472072,0.0120654432039244,245,0.01605347190510569
Fighting (Feat. Lee Young Ji),BSS,1,4.0,4.0,49,49.0,0.00031496062992125983,0.00031496062992125983,0.03225806451612903,0.04,0.02499771399542799,Low,0.04,0.024392684785369573,0.001969796454366382,0.014761029547997892,0.018023268359472072,0.0120654432039244,246,0.01605347190510569
But Sometimes,BOYNEXTDOOR,1,4.0,4.0,49,49.0,0.00031496062992125983,0.00031496062992125983,0.03225806451612903,0.04,0.02499771399542799,Low,0.04,0.024392684785369573,0.001969796454366382,0.014761029547997892,0.018023268359472072,0.0120654432039244,247,0.01605347190510569
NIGHT DANCER - BIG Naughty Remix,imase & BIG Naughty,1,11.0,11.0,50,50.0,0.0004330708661417323,0.0004330708661417323,0.03225806451612903,0.02,0.019033147066294134,Low,0.02,0.017931070612141227,0.0029546946815495736,0.0002584616068715595,0.00031558251991294035,0.001087323848839447,248,0.002696233074678014
Baggy Jeans,NCT,1,7.0,7.0,50,50.0,0.00027559055118110237,0.00027559055118110237,0.03225806451612903,0.02,0.018985902971805944,Low,0.02,0.01787988950977902,0.0016414970453053185,0.00014358978159530897,0.00017532362217385363,0.0006040688049108024,249,0.0014979072637100095
Fact Check,NCT 127,1,6.0,6.0,50,50.0,0.00023622047244094488,0.00023622047244094488,0.03225806451612903,0.02,0.018974091948183898,Low,0.02,0.017867094234188467,0.0013131976362442549,0.00011487182527625055,0.0001402588977390772,0.0004832550439286412,250,0.0011983258109680042
Cupid,FIFTY FIFTY,1,5.0,5.0,50,50.0,0.0001968503937007874,0.0001968503937007874,0.03225806451612903,0.02,0.01896228092456185,Low,0.02,0.017854298958597917,0.0009848982271831912,8.61538689571837e-05,0.00010519417330431028,0.00036244128294648023,251,0.0008987443582260075
3D (feat. Jack Harlow) (Instrumental),Jung Kook & Jack Harlow,1,4.0,4.0,50,50.0,0.00015748031496062991,0.00015748031496062991,0.03225806451612903,0.02,0.018950469900939803,Low,0.02,0.017841503683007368,0.0006565988181221273,5.743591263812528e-05,7.012944886954336e-05,0.00024162752196432222,252,0.0005991629054840021
SHEESH,BABYMONSTER,1,4.0,4.0,50,50.0,0.00015748031496062991,0.00015748031496062991,0.03225806451612903,0.02,0.018950469900939803,Low,0.02,0.017841503683007368,0.0006565988181221273,5.743591263812528e-05,7.012944886954336e-05,0.00024162752196432222,253,0.0005991629054840021
I Had Some Help (Feat. Morgan Wallen),Post Malone & Morgan Wallen,1,4.0,4.0,50,50.0,0.00015748031496062991,0.00015748031496062991,0.03225806451612903,0.02,0.018950469900939803,Low,0.02,0.017841503683007368,0.0006565988181221273,5.743591263812528e-05,7.012944886954336e-05,0.00024162752196432222,254,0.0005991629054840021
Girls Never Die,tripleS,1,3.0,3.0,50,50.0,0.00011811023622047244,0.00011811023622047244,0.03225806451612903,0.02,0.018938658877317754,Low,0.02,0.017828708407416814,0.0003282994090610637,2.871795631905842e-05,3.506472443476692e-05,0.00012081376098215798,255,0.0002995814527420053
Tick-Tack,ILLIT,1,3.0,3.0,50,50.0,0.00011811023622047244,0.00011811023622047244,0.03225806451612903,0.02,0.018938658877317754,Low,0.02,0.017828708407416814,0.0003282994090610637,2.871795631905842e-05,3.506472443476692e-05,0.00012081376098215798,256,0.0002995814527420053
euphoria,Kendrick Lamar,1,2.0,2.0,50,50.0,7.874015748031496e-05,7.874015748031496e-05,0.03225806451612903,0.02,0.018926847853695708,Low,0.02,0.017815913131826264,0.0,0.0,0.0,0.0,257,0.0
greedy,Tate McRae,1,2.0,2.0,50,50.0,7.874015748031496e-05,7.874015748031496e-05,0.03225806451612903,0.02,0.018926847853695708,Low,0.02,0.017815913131826264,0.0,0.0,0.0,0.0,258,0.0
Love Lee,AKMU,1,2.0,2.0,50,50.0,7.874015748031496e-05,7.874015748031496e-05,0.03225806451612903,0.02,0.018926847853695708,Low,0.02,0.017815913131826264,0.0,0.0,0.0,0.0,259,0.0
Thirsty,aespa,1,2.0,2.0,50,50.0,7.874015748031496e-05,7.874015748031496e-05,0.03225806451612903,0.02,0.018926847853695708,Low,0.02,0.017815913131826264,0.0,0.0,0.0,0.0,260,0.0
