artist,songs_with_reentry,total_reentries,average_momentum_score,average_fandom_intensity,average_sustainability_score
Jimin & Loco,1,1,0.003858267716535433,0.30806070612141223,0.3310442595885192
KingLee & Lil' Flip,1,1,0.03216535433070866,0.2805528321056642,0.30124406273812543
YANGHONGWON,1,1,0.005511811023622047,0.22455676911353822,0.2405816611633223
Jimin,24,151,0.0027064208119818357,0.2181577179742653,0.2194244453681781
NewJeans,12,134,0.0026426103439968554,0.2257040749099327,0.2144948266721403
BIBI,1,3,0.0023097112860892386,0.20340259080518158,0.21228829057658116
Mariah Carey,1,1,0.006377952755905512,0.17681661163322326,0.18886315722631444
Jung Kook & Latto,5,8,0.003364829396325459,0.1776546101092202,0.18815808568283804
J Money & KingLee,1,1,0.025590551181102362,0.17058039116078233,0.18210725171450343
Jung Kook,14,84,0.002192971070923827,0.17254409597683665,0.1707937383835085
TAEYEON,1,3,0.0016666666666666668,0.16320967741935483,0.1687459677419355
JENNIE,2,7,0.002450787401574803,0.1608965265430531,0.1648959682711032
Vaundy,1,3,0.0016404199475065617,0.15720180340360682,0.16223743755820846
Lee Young Ji,1,5,0.0014803149606299212,0.16096022352044703,0.16093271526543054
TWS,2,5,0.0016535433070866143,0.147504127508255,0.15307570802641607
Benson Boone,1,4,0.001279527559055118,0.14949676149352298,0.15120213677927358
Jung Kook & BTS,1,4,0.006023622047244095,0.14791998983997967,0.14949396748793498
Lim Young Woong,23,191,0.0010937280441812344,0.15647403052874648,0.1471900174112846
Tommy Richman,1,3,0.0013517060367454071,0.1411151892303785,0.14481027220387774
Mitski,1,10,0.0006811023622047244,0.15683658877317755,0.14302458407416815
Red Velvet,1,1,0.0015748031496062992,0.1333756667513335,0.1418021336042672
Engel Montaz & Kuv507 & Latinnites Music,1,1,0.0014960629921259843,0.1273520447040894,0.1352765430530861
Nerd Connection,1,9,0.0033377077865266846,0.1444636779273559,0.13230876936753877
LE SSERAFIM,6,29,0.0013418971667003164,0.13207841695811598,0.13009212016340702
HYUKOH & 落日飛車 Sunset Rollercoaster,1,1,0.0014173228346456691,0.12132842265684532,0.128750952501905
Taylor Swift,2,18,0.0008218503937007874,0.13981308737617476,0.1272706296037592
Jimin & HA SUNG WOON,1,4,0.047194881889763785,0.12427136779273558,0.12387462693675387
ILLIT,3,7,0.0015616797900262467,0.11957603081872831,0.12326829861993056
Sia,1,1,0.0013385826771653544,0.11530480060960123,0.12222536195072392
Ariana Grande,3,7,0.00279090113735783,0.11561146388959447,0.11897335111336889
IU,2,5,0.001066272965879265,0.1115779464058928,0.114155678498857
Dhruv,1,6,0.0012073490813648293,0.11978155956311914,0.11363432393531454
aespa,6,20,0.0013214129483814525,0.11309884323935314,0.11356317336593007
aespa & Grimes & Flava D,1,1,0.008858267716535433,0.10556070612141225,0.11166925958851917
TAEYANG,1,7,0.0010348706411698538,0.11977589898036937,0.1109400195943249
Billie Eilish,2,4,0.0012598425196850395,0.10718440436880873,0.11074009398018794
Men's Tear & 뷰티풀너드,1,2,0.001062992125984252,0.1071253492506985,0.11067611760223521
DAY6,8,36,0.009087432280099603,0.11243978427460061,0.10971299210393559
Sabrina Carpenter,3,10,0.0013420822397200351,0.10841337736008806,0.10848725199672622
KISS OF LIFE,3,8,0.001014873140857393,0.10504639742612816,0.10663180509694352
¥$ & Kanye West & Ty Dolla $ign,2,4,0.0060498687664041996,0.10062141224282449,0.10363018584370502
RIIZE,6,26,0.001173720472440945,0.10359942796968928,0.10058396811411678
V,9,29,0.0033953047535724705,0.1003178745801936,0.10001580976773065
Charlie Puth,3,16,0.0035203412073490817,0.10312330666328,0.09737999798916264
Jung Kook & Justin Timberlake,1,1,0.0030708661417322837,0.0918244856489713,0.09678835407670816
ZICO & JENNIE,1,2,0.010984251968503937,0.0921017272034544,0.0944005270510541
ECLIPSE,1,4,0.0007775590551181103,0.0968461709423419,0.09416399701549404
Halsey & SUGA,1,6,0.000583989501312336,0.10159455168910338,0.09393173207179747
QWER,2,9,0.0008981299212598426,0.09770895510541021,0.09375459383731267
Bruno Mars,1,1,0.12,0.0849032258064516,0.08929032258064515
GroovyRoom & HUH YUNJIN,1,2,0.0007874015748031496,0.08604267208534416,0.08783655067310135
Agust D,2,7,0.0043740157480314954,0.08907349504699011,0.08708768415036831
MAX,1,3,0.001548556430446194,0.0871742443484887,0.0863742485818305
Fast & Furious: The Fast Saga & Jimin & BTS,2,7,0.01181758530183727,0.08670656591313182,0.08452351092202184
Charli xcx & Billie Eilish,1,1,0.0012992125984251969,0.07929298958597918,0.08321256667513335
Parc Jae Jung,1,2,0.0007086614173228347,0.08001905003810007,0.08131096012192024
YENA,1,5,0.0003622047244094488,0.08382479044958092,0.0773693294386589
(G)I-DLE,4,9,0.000797244094488189,0.07652143129286258,0.07684983013716028
LISA,1,1,0.0007874015748031496,0.07313944627889256,0.07654622809245619
Creepy Nuts,1,4,0.0009350393700787403,0.08039341503683006,0.07634017811785623
Post Malone,1,5,0.0022519685039370076,0.08199171958343915,0.0753835026670053
STAYC,1,4,0.00044291338582677165,0.07874577724155449,0.07455523717297435
RM,1,1,0.003543307086614173,0.06796621793243586,0.07094189738379476
Wham!,1,1,0.0014173228346456691,0.06732842265684531,0.070250952501905
JISOO,1,3,0.002073490813648294,0.07133172466344934,0.06921151892303787
YOASOBI,1,3,0.0014435695538057743,0.07114274828549659,0.06900679451358904
BTS,4,9,0.01965551181102362,0.06742891160782322,0.06699960047836762
DOYOUNG,1,1,0.0009448818897637795,0.061186690373380745,0.06359740919481839
10CM,1,3,0.0004330708661417323,0.06483959867919736,0.06217838244009822
UMI & V,1,2,0.0012598425196850393,0.06218440436880874,0.061990093980187955
Dua Lipa,1,3,0.004120734908136483,0.06394589789179579,0.06121020658707983
KANGDANIEL,1,3,0.0004724409448818897,0.06285140970281941,0.060024511049022095
VIVIZ,1,4,0.00035433070866141734,0.06521920243840489,0.05990144780289561
NCT DREAM,1,1,0.005511811023622048,0.05655676911353823,0.058581661163322335
Jay Park,1,3,0.0005249343832020996,0.06086715773431546,0.05787490474980948
Kendrick Lamar,2,6,0.0008937007874015747,0.06057778765557532,0.05756142049784101
G-DRAGON,2,3,0.004291338582677166,0.05664224028448057,0.05733016891033782
Stray Kids,1,1,0.0011023622047244095,0.055233934467868936,0.0571485902971806
Lauv,1,1,0.0008267716535433072,0.055151257302514606,0.05705902336804674
NAYEON,1,1,0.0005511811023622047,0.055068580137160275,0.05696945643891288
AKMU,3,5,0.0011023622047244095,0.05483608500550335,0.0549254720176107
Oasis,2,3,0.00043307086614173226,0.052484759969519935,0.052826231902463806
SZA,2,5,0.00043307086614173226,0.05388798577597155,0.05165822114977563
TOMORROW X TOGETHER,1,1,0.0007086614173228346,0.04911582423164846,0.05052063754127508
MEOVV,1,1,0.0004724409448818897,0.04904495808991618,0.050443865887731774
Travis Scott & Bad Bunny & The Weeknd,1,1,0.0005905511811023622,0.04308039116078232,0.04398225171450343
Future & Metro Boomin,1,1,0.0003937007874015748,0.04302133604267208,0.043918275336550676
IVE,3,8,0.0006824146981627297,0.045613326559986456,0.042245978325289986
Olivia Rodrigo,1,2,0.0003543307086614173,0.04391275082550165,0.04219580264160528
Jack Harlow,1,2,0.00027559055118110237,0.043889128778257555,0.04217021209042418
League of Legends & NewJeans,1,2,0.0004133858267716535,0.04093046736093472,0.03896499555499111
KATSEYE,1,2,0.00023622047244094486,0.0408773177546355,0.03890741681483363
PLAVE,3,4,0.003937007874015748,0.03838540343747354,0.037999957666582
FIFTY FIFTY,2,4,0.0003937007874015748,0.0399245618491237,0.03787526458386249
D.O.,1,1,0.0009448818897637795,0.037186690373380744,0.03759740919481839
ENHYPEN,1,1,0.0006299212598425197,0.037092202184404365,0.037495046990093976
Various Artists,2,2,0.00043307086614173226,0.03703314706629413,0.03743107061214122
Jin,1,1,0.00031496062992125983,0.03699771399542799,0.03739268478536957
ZEROBASEONE,1,2,0.00023622047244094486,0.03787731775463551,0.03565741681483363
WOODZ,1,2,0.0001968503937007874,0.037865506731013465,0.03564462153924308
SEVENTEEN,2,3,0.00033464566929133856,0.03445523241046482,0.03329424371348742
Crush,1,1,0.0007086614173228346,0.031115824231648465,0.03102063754127508
B.I,1,1,0.0003543307086614173,0.03100952501905004,0.03090548006096012
NCT WISH,1,1,0.0003543307086614173,0.03100952501905004,0.03090548006096012
KEY,1,1,0.00023622047244094486,0.030974091948183898,0.03086709423418847
Hanumankind & Kalmi,1,1,0.00023622047244094486,0.030974091948183898,0.03086709423418847
BIG Naughty,1,2,0.0020275590551181106,0.03241471932943866,0.029739601854203712
NMIXX,1,2,9.84251968503937e-05,0.031835979171958344,0.029112633350266703
BOYNEXTDOOR,2,2,0.00035433070866141734,0.025009525019050037,0.024405480060960123
BSS,1,1,0.00031496062992125983,0.02499771399542799,0.024392684785369573
imase & BIG Naughty,1,1,0.0004330708661417323,0.019033147066294134,0.017931070612141227
NCT,1,1,0.00027559055118110237,0.018985902971805944,0.01787988950977902
NCT 127,1,1,0.00023622047244094488,0.018974091948183898,0.017867094234188467
BABYMONSTER,1,1,0.00015748031496062991,0.018950469900939803,0.017841503683007368
Jung Kook & Jack Harlow,1,1,0.00015748031496062991,0.018950469900939803,0.017841503683007368
Post Malone & Morgan Wallen,1,1,0.00015748031496062991,0.018950469900939803,0.017841503683007368
tripleS,1,1,0.00011811023622047244,0.018938658877317754,0.017828708407416814
Tate McRae,1,1,7.874015748031496e-05,0.018926847853695708,0.017815913131826264
