song,artist,previous_date,reentry_date,gap_days,previous_position,reentry_position
Kill Bill,SZA,2024-05-19,2024-05-21,2.0,46,46
LOVE DIVE,IVE,2024-05-19,2024-05-21,2.0,48,49
Teddy Bear,STAYC,2024-05-18,2024-05-21,3.0,47,47
Love Always Run Away,Lim Young Woong,2024-05-18,2024-05-23,5.0,50,47
Interlude : Dive,Jimin,2024-05-20,2024-05-24,4.0,38,48
VIBE (feat. Jimin of BTS),TAEYANG,2024-05-22,2024-05-24,2.0,49,43
Love Always Run Away,Lim Young Woong,2024-05-23,2024-05-25,2.0,47,50
Like Crazy (Deep House Remix),Jimin,2024-05-20,2024-05-28,8.0,46,43
Like Crazy (UK Garage Remix),Jimin,2024-05-20,2024-05-28,8.0,47,44
Promise,Jimin,2024-05-20,2024-05-28,8.0,43,45
LOVE DIVE,IVE,2024-05-22,2024-05-29,7.0,50,49
Teddy Bear,STAYC,2024-05-27,2024-05-29,2.0,49,45
I Love You,Lim Young Woong,2024-05-27,2024-05-30,3.0,47,46
Like Crazy (Deep House Remix),Jimin,2024-05-28,2024-05-30,2.0,43,48
Love Always Run Away,Lim Young Woong,2024-05-25,2024-05-30,5.0,50,49
Promise,Jimin,2024-05-28,2024-05-30,2.0,45,42
Candy (Feat. Zion.T),Jay Park,2024-05-28,2024-05-31,3.0,49,47
Teddy Bear,STAYC,2024-05-29,2024-05-31,2.0,45,48
Like Crazy (Deep House Remix),Jimin,2024-05-30,2024-06-01,2.0,48,47
Like Crazy (UK Garage Remix),Jimin,2024-05-28,2024-06-01,4.0,44,50
Love Always Run Away,Lim Young Woong,2024-05-31,2024-06-02,2.0,49,50
Promise,Jimin,2024-05-30,2024-06-02,3.0,42,42
I Love You,Lim Young Woong,2024-05-31,2024-06-03,3.0,50,44
Like Crazy (UK Garage Remix),Jimin,2024-06-01,2024-06-03,2.0,50,49
Lovely Touch,Lim Young Woong,2024-05-24,2024-06-03,10.0,45,48
NIGHT DANCER - BIG Naughty Remix,imase & BIG Naughty,2024-05-23,2024-06-03,11.0,41,50
Dangerously,Charlie Puth,2024-06-02,2024-06-04,2.0,47,47
Candy (Feat. Zion.T),Jay Park,2024-06-01,2024-06-05,4.0,45,45
Love Always Run Away,Lim Young Woong,2024-06-03,2024-06-05,2.0,47,48
Love Me Like This,NMIXX,2024-06-02,2024-06-05,3.0,46,50
Lovely Touch,Lim Young Woong,2024-06-03,2024-06-05,2.0,48,49
Teddy Bear,STAYC,2024-06-02,2024-06-05,3.0,49,46
Fighting (Feat. Lee Young Ji),BSS,2024-06-02,2024-06-06,4.0,45,49
VIBE (feat. Jimin of BTS),TAEYANG,2024-06-04,2024-06-06,2.0,36,45
Love Me Like This,NMIXX,2024-06-05,2024-06-07,2.0,50,50
People Pt.2 (feat. IU),Agust D,2024-06-03,2024-06-07,4.0,43,45
Like Crazy (Deep House Remix),Jimin,2024-06-03,2024-06-08,5.0,46,45
Like Crazy (UK Garage Remix),Jimin,2024-06-03,2024-06-08,5.0,49,49
Promise,Jimin,2024-06-02,2024-06-08,6.0,42,50
With you,Jimin & HA SUNG WOON,2024-05-20,2024-06-08,19.0,50,44
A bientot,Lim Young Woong,2024-06-07,2024-06-09,2.0,41,44
Candy (Feat. Zion.T),Jay Park,2024-06-05,2024-06-09,4.0,45,50
Dance The Night (From Barbie The Album),Dua Lipa,2024-06-03,2024-06-09,6.0,42,46
Love Always Run Away,Lim Young Woong,2024-06-07,2024-06-09,2.0,48,48
I Love You,Lim Young Woong,2024-06-06,2024-06-10,4.0,43,46
Like Crazy (Deep House Remix),Jimin,2024-06-08,2024-06-10,2.0,45,45
Like Crazy (UK Garage Remix),Jimin,2024-06-08,2024-06-10,2.0,49,48
Promise,Jimin,2024-06-08,2024-06-10,2.0,50,50
Kill Bill,SZA,2024-06-09,2024-06-11,2.0,49,49
Vancouver,BIG Naughty,2024-06-10,2024-06-12,2.0,39,50
Dangerously,Charlie Puth,2024-06-08,2024-06-13,5.0,46,49
I Love You,Lim Young Woong,2024-06-11,2024-06-13,2.0,50,46
Love Always Run Away,Lim Young Woong,2024-06-10,2024-06-13,3.0,47,47
Bite Me,ENHYPEN,2024-06-10,2024-06-14,4.0,49,47
Filter,BTS,2024-06-12,2024-06-14,2.0,46,43
Like Crazy (Instrumental),Jimin,2024-06-12,2024-06-14,2.0,47,49
Dangerously,Charlie Puth,2024-06-13,2024-06-16,3.0,49,44
Haegeum,Agust D,2024-06-12,2024-06-16,4.0,49,48
I Don’t Think That I Like Her,Charlie Puth,2024-05-29,2024-06-16,18.0,47,49
I Don’t Think That I Like Her,Charlie Puth,2024-06-16,2024-06-18,2.0,49,49
LOVE DIVE,IVE,2024-05-29,2024-06-19,21.0,49,48
Like Crazy (Deep House Remix),Jimin,2024-06-17,2024-06-20,3.0,46,43
Like Crazy (UK Garage Remix),Jimin,2024-06-17,2024-06-20,3.0,48,42
Christmas Love,Jimin,2024-06-18,2024-06-21,3.0,50,48
Filter,BTS,2024-06-15,2024-06-21,6.0,45,47
Haegeum,Agust D,2024-06-18,2024-06-21,3.0,45,50
Like Crazy (Instrumental),Jimin,2024-06-15,2024-06-21,6.0,48,41
A bientot,Lim Young Woong,2024-06-20,2024-06-22,2.0,48,46
The Planet,BTS,2024-06-20,2024-06-22,2.0,46,42
FLOWER,JISOO,2024-06-21,2024-06-23,2.0,49,48
Kill Bill,SZA,2024-06-19,2024-06-23,4.0,47,47
I Don’t Think That I Like Her,Charlie Puth,2024-06-20,2024-06-25,5.0,49,48
Like Crazy (Deep House Remix),Jimin,2024-06-24,2024-06-27,3.0,47,45
Like Crazy (UK Garage Remix),Jimin,2024-06-24,2024-06-27,3.0,49,46
Promise,Jimin,2024-06-26,2024-06-28,2.0,45,42
With you,Jimin & HA SUNG WOON,2024-06-24,2024-06-28,4.0,43,43
FLOWER,JISOO,2024-06-27,2024-06-29,2.0,40,44
Dangerously,Charlie Puth,2024-06-20,2024-07-01,11.0,50,44
I Don’t Think That I Like Her,Charlie Puth,2024-06-26,2024-07-01,5.0,48,50
People Pt.2 (feat. IU),Agust D,2024-06-07,2024-07-02,25.0,45,35
The Planet,BTS,2024-06-24,2024-07-02,8.0,48,44
Like Crazy (Deep House Remix),Jimin,2024-07-01,2024-07-03,2.0,39,49
Like Crazy (UK Garage Remix),Jimin,2024-07-01,2024-07-03,2.0,42,50
Promise,Jimin,2024-07-01,2024-07-03,2.0,41,47
Dare to Love (feat. BIG Naughty),B.I,2024-07-01,2024-07-04,3.0,48,48
Thirsty,aespa,2024-07-02,2024-07-04,2.0,49,50
With you,Jimin & HA SUNG WOON,2024-06-28,2024-07-05,7.0,43,50
Attention,NewJeans,2024-07-04,2024-07-07,3.0,29,37
Cruel Summer,Taylor Swift,2024-07-04,2024-07-07,3.0,35,44
Cupid - Twin Ver.,FIFTY FIFTY,2024-07-04,2024-07-07,3.0,31,43
Promise,Jimin,2024-07-04,2024-07-07,3.0,49,46
Sunflower - Spider-Man: Into the Spider-Verse,Post Malone,2024-07-04,2024-07-07,3.0,32,50
Super,SEVENTEEN,2024-07-04,2024-07-07,3.0,33,47
Rainbow,Lim Young Woong,2024-07-04,2024-07-08,4.0,37,50
Cupid,FIFTY FIFTY,2024-07-04,2024-07-09,5.0,36,50
Like Crazy (Deep House Remix),Jimin,2024-07-03,2024-07-09,6.0,49,46
"Our Blues, Our Life",Lim Young Woong,2024-07-04,2024-07-10,6.0,40,45
Rainbow,Lim Young Woong,2024-07-08,2024-07-10,2.0,50,43
Sunflower - Spider-Man: Into the Spider-Verse,Post Malone,2024-07-08,2024-07-10,2.0,45,46
A bientot,Lim Young Woong,2024-07-04,2024-07-11,7.0,47,47
Promise,Jimin,2024-07-10,2024-07-12,2.0,47,49
A bientot,Lim Young Woong,2024-07-11,2024-07-13,2.0,47,50
Sunflower - Spider-Man: Into the Spider-Verse,Post Malone,2024-07-14,2024-07-16,2.0,49,50
The Planet,BTS,2024-07-04,2024-07-16,12.0,43,46
A bientot,Lim Young Woong,2024-07-13,2024-07-17,4.0,50,50
ANTIFRAGILE,LE SSERAFIM,2024-07-04,2024-07-17,13.0,42,49
In Bloom,ZEROBASEONE,2024-07-14,2024-07-17,3.0,44,48
Seven (feat. Latto) (Explicit Ver.),Jung Kook & Latto,2024-07-16,2024-07-19,3.0,1,1
Seven (feat. Latto) (Instrumental),Jung Kook & Latto,2024-07-16,2024-07-19,3.0,10,10
Broken Melodies,NCT DREAM,2024-06-30,2024-07-20,20.0,50,44
VIBE (feat. Jimin of BTS),TAEYANG,2024-07-15,2024-07-20,5.0,50,49
Sunflower - Spider-Man: Into the Spider-Verse,Post Malone,2024-07-16,2024-07-21,5.0,50,48
In Bloom,ZEROBASEONE,2024-07-19,2024-07-22,3.0,49,50
Lilith (feat. SUGA of BTS) (Diablo IV Anthem),Halsey & SUGA,2024-07-19,2024-07-22,3.0,47,46
A bientot,Lim Young Woong,2024-07-18,2024-07-23,5.0,50,50
FLOWER,JISOO,2024-06-30,2024-07-23,23.0,44,45
vampire,Olivia Rodrigo,2024-07-22,2024-07-25,3.0,42,48
Cupid - Twin Ver.,FIFTY FIFTY,2024-07-21,2024-07-26,5.0,45,49
Dance The Night (From Barbie The Album),Dua Lipa,2024-06-09,2024-07-26,47.0,46,45
My You,Jung Kook,2024-07-22,2024-07-27,5.0,35,49
Seven (feat. Latto) (Band Ver.),Jung Kook & Latto,2024-07-22,2024-07-27,5.0,16,34
Seven (feat. Latto) (Summer Mix),Jung Kook & Latto,2024-07-22,2024-07-27,5.0,12,35
K-POP,Travis Scott & Bad Bunny & The Weeknd,2024-07-26,2024-07-29,3.0,47,46
Dance The Night (From Barbie The Album),Dua Lipa,2024-07-28,2024-07-30,2.0,41,50
If We Ever Meet Again,Lim Young Woong,2024-07-28,2024-07-30,2.0,43,40
Interlude : Dive,Jimin,2024-07-28,2024-07-30,2.0,45,44
Let's Say Goodbye,Parc Jae Jung,2024-07-28,2024-07-30,2.0,39,38
"Angel Pt. 2 (feat. Jimin of BTS, Charlie Puth and Muni Long)",Fast & Furious: The Fast Saga & Jimin & BTS,2024-07-28,2024-07-31,3.0,46,45
Lilith (feat. SUGA of BTS) (Diablo IV Anthem),Halsey & SUGA,2024-07-28,2024-07-31,3.0,50,41
My You,Jung Kook,2024-07-28,2024-07-31,3.0,49,50
"Our Blues, Our Life",Lim Young Woong,2024-07-26,2024-07-31,5.0,50,47
Rainbow,Lim Young Woong,2024-07-26,2024-07-31,5.0,48,46
Super,SEVENTEEN,2024-07-28,2024-07-31,3.0,48,49
vampire,Olivia Rodrigo,2024-07-28,2024-07-31,3.0,42,48
Seven (feat. Latto) (Band Ver.),Jung Kook & Latto,2024-07-30,2024-08-02,3.0,46,49
My You,Jung Kook,2024-08-01,2024-08-03,2.0,50,47
A bientot,Lim Young Woong,2024-07-25,2024-08-04,10.0,46,50
Seven (feat. Latto) (Band Ver.),Jung Kook & Latto,2024-08-02,2024-08-05,3.0,49,49
A bientot,Lim Young Woong,2024-08-04,2024-08-06,2.0,50,49
Cupid - Twin Ver.,FIFTY FIFTY,2024-07-26,2024-08-06,11.0,49,50
Lilith (feat. SUGA of BTS) (Diablo IV Anthem),Halsey & SUGA,2024-08-05,2024-08-07,2.0,45,49
My You,Jung Kook,2024-08-04,2024-08-07,3.0,48,50
Love Always Run Away,Lim Young Woong,2024-06-13,2024-08-09,57.0,47,50
My You,Jung Kook,2024-08-08,2024-08-10,2.0,50,50
Love Always Run Away,Lim Young Woong,2024-08-09,2024-08-11,2.0,50,50
SOS,KANGDANIEL,2024-08-10,2024-08-12,2.0,30,47
Stay Alive (Prod. SUGA of BTS),Jung Kook,2024-07-18,2024-08-12,25.0,36,49
Kitsch,IVE,2024-08-15,2024-08-17,2.0,50,49
Kitsch,IVE,2024-08-17,2024-08-19,2.0,49,50
"Our Blues, Our Life",Lim Young Woong,2024-08-17,2024-08-20,3.0,47,49
Intro: Singularity,BTS,2024-08-18,2024-08-21,3.0,45,49
SOS,KANGDANIEL,2024-08-21,2024-08-23,2.0,41,45
"Angel Pt. 2 (feat. Jimin of BTS, Charlie Puth and Muni Long)",Fast & Furious: The Fast Saga & Jimin & BTS,2024-08-19,2024-08-24,5.0,47,50
"Our Blues, Our Life",Lim Young Woong,2024-08-20,2024-08-24,4.0,49,47
Sugarcoat (NATTY Solo),KISS OF LIFE,2024-08-22,2024-08-24,2.0,50,44
Lilith (feat. SUGA of BTS) (Diablo IV Anthem),Halsey & SUGA,2024-08-23,2024-08-25,2.0,46,50
Intro: Singularity,BTS,2024-08-23,2024-08-27,4.0,50,49
A bientot,Lim Young Woong,2024-08-12,2024-08-28,16.0,44,49
Lilith (feat. SUGA of BTS) (Diablo IV Anthem),Halsey & SUGA,2024-08-26,2024-08-30,4.0,48,47
SOS,KANGDANIEL,2024-08-23,2024-08-31,8.0,45,49
Attention,NewJeans,2024-08-30,2024-09-01,2.0,48,49
Rainbow,Lim Young Woong,2024-08-30,2024-09-01,2.0,50,50
A bientot,Lim Young Woong,2024-08-28,2024-09-03,6.0,49,50
"Our Blues, Our Life",Lim Young Woong,2024-08-29,2024-09-03,5.0,50,44
アイドル,YOASOBI,2024-08-31,2024-09-03,3.0,48,45
Sweet Night,V,2024-08-31,2024-09-04,4.0,41,39
Fry’s Dream,AKMU,2024-08-25,2024-09-05,11.0,46,41
Memories,RIIZE,2024-09-02,2024-09-05,3.0,47,24
Seven (feat. Latto) (Alesso Remix),Jung Kook & Latto,2024-08-30,2024-09-05,6.0,17,46
Seven (feat. Latto) (Alesso Remix),Jung Kook & Latto,2024-09-05,2024-09-07,2.0,46,24
Sweet Night,V,2024-09-05,2024-09-07,2.0,49,47
Better Things,aespa,2024-09-06,2024-09-09,3.0,50,50
"Steal The Show - From ""Elemental""",Lauv,2024-09-06,2024-09-09,3.0,48,44
Sugarcoat (NATTY Solo),KISS OF LIFE,2024-09-06,2024-09-09,3.0,47,49
A bientot,Lim Young Woong,2024-09-04,2024-09-10,6.0,46,44
"Our Blues, Our Life",Lim Young Woong,2024-09-06,2024-09-10,4.0,49,37
Rainbow,Lim Young Woong,2024-09-08,2024-09-10,2.0,49,36
Fry’s Dream,AKMU,2024-09-09,2024-09-12,3.0,43,39
Click Like (Prod. Crush) (Feat. Paul Blanco),Various Artists,2024-09-09,2024-09-13,4.0,41,48
Lilith (feat. SUGA of BTS) (Diablo IV Anthem),Halsey & SUGA,2024-09-02,2024-09-13,11.0,48,49
Sugarcoat (NATTY Solo),KISS OF LIFE,2024-09-09,2024-09-13,4.0,49,46
"Angel Pt. 1 (feat. Jimin of BTS, JVKE & Muni Long) - Trailer Version",Fast & Furious: The Fast Saga & Jimin & BTS,2024-06-04,2024-09-14,102.0,43,35
Interlude : Dive,Jimin,2024-09-12,2024-09-14,2.0,32,26
Let's Say Goodbye,Parc Jae Jung,2024-09-12,2024-09-14,2.0,48,46
Attention,NewJeans,2024-09-04,2024-09-15,11.0,49,48
Spicy,aespa,2024-09-12,2024-09-15,3.0,50,46
Slow Dancing,V,2024-09-14,2024-09-17,3.0,5,6
Christmas Tree,V,2024-09-09,2024-09-18,9.0,32,44
Memories,RIIZE,2024-09-16,2024-09-18,2.0,41,47
A bientot,Lim Young Woong,2024-09-14,2024-09-19,5.0,48,50
Vancouver,BIG Naughty,2024-06-13,2024-09-22,101.0,50,50
アイドル,YOASOBI,2024-09-03,2024-09-22,19.0,45,48
A bientot,Lim Young Woong,2024-09-21,2024-09-23,2.0,50,49
Queencard,(G)I-DLE,2024-09-11,2024-09-24,13.0,43,50
Sunflower - Spider-Man: Into the Spider-Verse,Post Malone,2024-07-22,2024-09-24,64.0,47,47
I Love You,Lim Young Woong,2024-06-14,2024-09-25,103.0,50,48
Memories,RIIZE,2024-09-23,2024-09-25,2.0,47,50
But Sometimes,BOYNEXTDOOR,2024-09-23,2024-09-27,4.0,39,49
Attention,NewJeans,2024-09-26,2024-09-28,2.0,49,49
Baggy Jeans,NCT,2024-09-21,2024-09-28,7.0,46,50
Interlude : Dive,Jimin,2024-09-27,2024-09-29,2.0,45,35
"Our Blues, Our Life",Lim Young Woong,2024-09-27,2024-09-29,2.0,41,47
Queencard,(G)I-DLE,2024-09-24,2024-09-29,5.0,50,49
A bientot,Lim Young Woong,2024-09-27,2024-09-30,3.0,48,50
My You,Jung Kook,2024-08-11,2024-09-30,50.0,47,47
Better Things,aespa,2024-09-16,2024-10-02,16.0,50,50
Love Always Run Away,Lim Young Woong,2024-08-11,2024-10-02,52.0,50,48
Memories,RIIZE,2024-09-28,2024-10-02,4.0,44,47
Cruel Summer,Taylor Swift,2024-09-29,2024-10-04,5.0,44,46
Interlude : Dive,Jimin,2024-09-29,2024-10-06,7.0,35,37
アイドル,YOASOBI,2024-10-01,2024-10-06,5.0,45,44
"Our Blues, Our Life",Lim Young Woong,2024-10-05,2024-10-07,2.0,45,49
3D (feat. Jack Harlow) (Instrumental),Jung Kook & Jack Harlow,2024-10-05,2024-10-09,4.0,28,50
A bientot,Lim Young Woong,2024-10-05,2024-10-09,4.0,47,48
You & Me (Coachella ver.),JENNIE,2024-10-07,2024-10-10,3.0,4,16
greedy,Tate McRae,2024-10-08,2024-10-10,2.0,48,50
Interlude : Dive,Jimin,2024-10-09,2024-10-12,3.0,45,39
A bientot,Lim Young Woong,2024-10-09,2024-10-13,4.0,48,45
"Our Blues, Our Life",Lim Young Woong,2024-10-09,2024-10-13,4.0,46,39
Interlude : Dive,Jimin,2024-10-12,2024-10-14,2.0,39,46
Love Always Run Away,Lim Young Woong,2024-10-03,2024-10-14,11.0,48,49
A Psalm of Life,Lim Young Woong,2024-06-06,2024-10-16,132.0,50,50
Dreamers [Music from the FIFA World Cup Qatar 2022 Official Soundtrack],Jung Kook & BTS,2024-10-13,2024-10-16,3.0,48,38
Haegeum,Agust D,2024-10-12,2024-10-16,4.0,50,47
I Love You,Lim Young Woong,2024-09-26,2024-10-17,21.0,48,49
Interlude : Dive,Jimin,2024-10-15,2024-10-17,2.0,46,42
A Psalm of Life,Lim Young Woong,2024-10-16,2024-10-19,3.0,50,49
Cool With You,NewJeans,2024-10-15,2024-10-19,4.0,50,48
Fact Check,NCT 127,2024-10-13,2024-10-19,6.0,44,50
Cruel Summer,Taylor Swift,2024-10-08,2024-10-20,12.0,50,45
Dreamers [Music from the FIFA World Cup Qatar 2022 Official Soundtrack],Jung Kook & BTS,2024-10-18,2024-10-20,2.0,31,42
Haegeum,Agust D,2024-10-16,2024-10-20,4.0,47,49
A Psalm of Life,Lim Young Woong,2024-10-19,2024-10-21,2.0,49,45
Love Always Run Away,Lim Young Woong,2024-10-15,2024-10-21,6.0,49,47
Hype Boy,NewJeans,2024-10-20,2024-10-22,2.0,48,50
I Love You,Lim Young Woong,2024-10-18,2024-10-22,4.0,49,45
Interlude : Dive,Jimin,2024-10-20,2024-10-22,2.0,31,35
Lovely Touch,Lim Young Woong,2024-06-06,2024-10-22,138.0,48,49
Haegeum,Agust D,2024-10-21,2024-10-23,2.0,50,45
Still With You,Jung Kook,2024-10-20,2024-10-23,3.0,37,44
Cruel Summer,Taylor Swift,2024-10-21,2024-10-24,3.0,46,50
Dreamers [Music from the FIFA World Cup Qatar 2022 Official Soundtrack],Jung Kook & BTS,2024-10-22,2024-10-26,4.0,47,33
Left and Right (Feat. Jung Kook of BTS),Charlie Puth,2024-10-23,2024-10-26,3.0,32,30
VIBE (feat. Jimin of BTS),TAEYANG,2024-07-20,2024-10-26,98.0,49,50
"Angel Pt. 1 (feat. Jimin of BTS, JVKE & Muni Long) - Trailer Version",Fast & Furious: The Fast Saga & Jimin & BTS,2024-09-16,2024-10-27,41.0,49,50
HERO,Lim Young Woong,2024-10-23,2024-10-27,4.0,50,49
VIBE (feat. Jimin of BTS),TAEYANG,2024-10-26,2024-10-29,3.0,50,43
Father,Lim Young Woong,2024-10-26,2024-10-30,4.0,47,47
"Angel Pt. 1 (feat. Jimin of BTS, JVKE & Muni Long) - Trailer Version",Fast & Furious: The Fast Saga & Jimin & BTS,2024-10-28,2024-10-31,3.0,50,46
Father,Lim Young Woong,2024-10-30,2024-11-01,2.0,47,43
VIBE (feat. Jimin of BTS),TAEYANG,2024-10-29,2024-11-02,4.0,43,48
"Angel Pt. 2 (feat. Jimin of BTS, Charlie Puth and Muni Long)",Fast & Furious: The Fast Saga & Jimin & BTS,2024-08-24,2024-11-03,71.0,50,44
New Jeans,NewJeans,2024-10-29,2024-11-03,5.0,49,48
VIBE (feat. Jimin of BTS),TAEYANG,2024-11-02,2024-11-04,2.0,48,45
Christmas Love,Jimin,2024-06-22,2024-11-05,136.0,48,28
HERO,Lim Young Woong,2024-11-03,2024-11-05,2.0,45,48
Take Two,BTS,2024-11-01,2024-11-07,6.0,45,49
Talk Saxy,RIIZE,2024-11-04,2024-11-07,3.0,40,50
Christmas Love,Jimin,2024-11-06,2024-11-08,2.0,28,50
Ditto,NewJeans,2024-11-03,2024-11-08,5.0,49,43
Love Letter,Lim Young Woong,2024-11-02,2024-11-09,7.0,50,49
Christmas Love,Jimin,2024-11-08,2024-11-10,2.0,50,46
Love Lee,AKMU,2024-11-10,2024-11-12,2.0,48,50
Christmas Love,Jimin,2024-11-11,2024-11-18,7.0,33,48
Elevator,Lim Young Woong,2024-11-16,2024-11-18,2.0,50,49
Loving You,Lim Young Woong,2024-11-17,2024-11-19,2.0,47,47
Dreamers [Music from the FIFA World Cup Qatar 2022 Official Soundtrack],Jung Kook & BTS,2024-10-30,2024-11-20,21.0,30,28
Love Station,Lim Young Woong,2024-11-17,2024-11-20,3.0,50,50
Ditto,NewJeans,2024-11-19,2024-11-21,2.0,49,47
You & Me,JENNIE,2024-11-19,2024-11-21,2.0,50,48
Christmas Love,Jimin,2024-11-18,2024-11-22,4.0,48,49
Elevator,Lim Young Woong,2024-11-20,2024-11-22,2.0,49,50
Ditto,NewJeans,2024-11-21,2024-11-23,2.0,47,50
ETA,NewJeans,2024-11-14,2024-11-23,9.0,49,48
Love Station,Lim Young Woong,2024-11-21,2024-11-23,2.0,50,49
Christmas Love,Jimin,2024-11-22,2024-11-24,2.0,49,46
Christmas Love,Jimin,2024-11-24,2024-11-28,4.0,46,48
Left and Right (Feat. Jung Kook of BTS),Charlie Puth,2024-10-30,2024-11-28,29.0,19,29
Trust in me,Lim Young Woong,2024-11-27,2024-11-29,2.0,47,48
ETA,NewJeans,2024-11-28,2024-11-30,2.0,50,49
Christmas Love,Jimin,2024-11-28,2024-12-02,4.0,48,50
OMG,NewJeans,2024-10-28,2024-12-02,35.0,48,42
3D (Justin Timberlake Remix),Jung Kook & Justin Timberlake,2024-11-27,2024-12-03,6.0,28,38
Loving You,Lim Young Woong,2024-11-22,2024-12-04,12.0,48,46
Too Sad to Dance,Jung Kook,2024-12-02,2024-12-04,2.0,46,50
Christmas Love,Jimin,2024-12-03,2024-12-05,2.0,46,47
Closer to You (feat. Major Lazer),Jung Kook,2024-12-03,2024-12-05,2.0,47,44
Love Station,Lim Young Woong,2024-11-23,2024-12-05,12.0,49,50
Get A Guitar,RIIZE,2024-11-16,2024-12-06,20.0,45,49
Loving You,Lim Young Woong,2024-12-04,2024-12-06,2.0,46,50
Somebody,Jung Kook,2024-12-04,2024-12-06,2.0,47,48
Elevator,Lim Young Woong,2024-11-22,2024-12-08,16.0,50,50
Baddie,IVE,2024-12-01,2024-12-09,8.0,50,49
Christmas Love,Jimin,2024-12-05,2024-12-09,4.0,47,40
Too Sad to Dance,Jung Kook,2024-12-04,2024-12-09,5.0,50,48
Somebody,Jung Kook,2024-12-08,2024-12-10,2.0,47,50
Hype Boy,NewJeans,2024-10-22,2024-12-11,50.0,50,50
Nest,Lim Young Woong,2024-12-09,2024-12-11,2.0,50,46
Christmas Love,Jimin,2024-12-10,2024-12-12,2.0,41,42
Shot Glass of Tears,Jung Kook,2024-12-10,2024-12-12,2.0,47,47
Somebody,Jung Kook,2024-12-10,2024-12-12,2.0,50,48
My Starry Love,Lim Young Woong,2024-12-08,2024-12-13,5.0,42,48
Nest,Lim Young Woong,2024-12-11,2024-12-13,2.0,46,50
Talk Saxy,RIIZE,2024-11-10,2024-12-14,34.0,50,49
Too Sad to Dance,Jung Kook,2024-12-12,2024-12-14,2.0,50,47
Discord,QWER,2024-12-12,2024-12-15,3.0,49,44
Shot Glass of Tears,Jung Kook,2024-12-13,2024-12-15,2.0,41,45
You & Me,JENNIE,2024-11-27,2024-12-15,18.0,50,50
Closer to You (feat. Major Lazer),Jung Kook,2024-12-14,2024-12-16,2.0,42,48
Somebody,Jung Kook,2024-12-14,2024-12-16,2.0,43,46
Too Sad to Dance,Jung Kook,2024-12-14,2024-12-16,2.0,47,47
All I Want for Christmas Is You,Mariah Carey,2024-12-11,2024-12-17,6.0,44,24
Christmas Love,Jimin,2024-12-12,2024-12-17,5.0,42,33
Nest,Lim Young Woong,2024-12-15,2024-12-19,4.0,49,49
Shot Glass of Tears,Jung Kook,2024-12-16,2024-12-19,3.0,49,50
Christmas Love,Jimin,2024-12-18,2024-12-20,2.0,33,30
Closer to You (feat. Major Lazer),Jung Kook,2024-12-16,2024-12-20,4.0,48,49
Snowman,Sia,2024-12-19,2024-12-21,2.0,44,34
Somebody,Jung Kook,2024-12-16,2024-12-21,5.0,46,49
Get A Guitar,RIIZE,2024-12-20,2024-12-23,3.0,50,47
Last Christmas - Single Version,Wham!,2024-12-19,2024-12-23,4.0,47,42
Love Letter,Lim Young Woong,2024-12-20,2024-12-23,3.0,43,49
My Love Mine All Mine,Mitski,2024-12-20,2024-12-23,3.0,48,48
Please Don't Change (feat. DJ Snake),Jung Kook,2024-12-21,2024-12-23,2.0,45,46
Too Sad to Dance,Jung Kook,2024-12-16,2024-12-23,7.0,47,45
ETA,NewJeans,2024-12-24,2024-12-27,3.0,45,50
Hate You,Jung Kook,2024-12-24,2024-12-27,3.0,49,47
"Angel Pt. 1 (feat. Jimin of BTS, JVKE & Muni Long) - Trailer Version",Fast & Furious: The Fast Saga & Jimin & BTS,2024-12-26,2024-12-28,2.0,41,41
Cruel Summer,Taylor Swift,2024-10-25,2024-12-28,64.0,50,48
Get A Guitar,RIIZE,2024-12-24,2024-12-28,4.0,50,38
Left and Right (Feat. Jung Kook of BTS),Charlie Puth,2024-12-01,2024-12-28,27.0,22,42
Love Letter,Lim Young Woong,2024-12-24,2024-12-28,4.0,47,43
My Love Mine All Mine,Mitski,2024-12-23,2024-12-28,5.0,48,44
New Jeans,NewJeans,2024-11-03,2024-12-28,55.0,48,47
OMG,NewJeans,2024-12-24,2024-12-28,4.0,46,40
Please Don't Change (feat. DJ Snake),Jung Kook,2024-12-23,2024-12-28,5.0,46,50
You & Me,JENNIE,2024-12-15,2024-12-28,13.0,50,46
Closer to You (feat. Major Lazer),Jung Kook,2024-12-21,2024-12-29,8.0,47,43
Shot Glass of Tears,Jung Kook,2024-12-19,2024-12-29,10.0,50,50
Hype Boy,NewJeans,2024-12-11,2024-12-30,19.0,50,46
Nest,Lim Young Woong,2024-12-19,2024-12-30,11.0,49,50
Blue,V,2024-11-07,2024-12-31,54.0,46,46
For Us,V,2024-11-09,2024-12-31,52.0,48,44
Slow Dancing (Piano Ver.),V,2024-11-07,2024-12-31,54.0,48,49
New Jeans,NewJeans,2024-12-30,2025-01-01,2.0,48,50
Please Don't Change (feat. DJ Snake),Jung Kook,2024-12-30,2025-01-01,2.0,44,45
Blue,V,2024-12-31,2025-01-03,3.0,46,43
My Starry Love,Lim Young Woong,2024-12-13,2025-01-03,21.0,48,50
Nest,Lim Young Woong,2024-12-30,2025-01-03,4.0,50,49
Hype Boy,NewJeans,2024-12-30,2025-01-04,5.0,46,48
New Jeans,NewJeans,2025-01-02,2025-01-04,2.0,50,50
You & Me,JENNIE,2025-01-02,2025-01-04,2.0,48,47
Baddie,IVE,2024-12-18,2025-01-05,18.0,50,50
Closer to You (feat. Major Lazer),Jung Kook,2024-12-29,2025-01-05,7.0,43,46
New Jeans,NewJeans,2025-01-04,2025-01-06,2.0,50,41
You & Me,JENNIE,2025-01-04,2025-01-06,2.0,47,47
Blue,V,2025-01-05,2025-01-07,2.0,48,50
Love Letter,Lim Young Woong,2025-01-05,2025-01-07,2.0,44,46
My Love Mine All Mine,Mitski,2025-01-06,2025-01-09,3.0,49,47
New Jeans,NewJeans,2025-01-06,2025-01-09,3.0,41,50
Closer to You (feat. Major Lazer),Jung Kook,2025-01-05,2025-01-10,5.0,46,47
Cupido,Engel Montaz & Kuv507 & Latinnites Music,2025-01-08,2025-01-10,2.0,47,32
Talk Saxy,RIIZE,2024-12-15,2025-01-10,26.0,48,49
Blue,V,2025-01-09,2025-01-11,2.0,49,48
My Starry Love,Lim Young Woong,2025-01-03,2025-01-11,8.0,50,49
Nest,Lim Young Woong,2025-01-03,2025-01-11,8.0,49,50
Closer to You (feat. Major Lazer),Jung Kook,2025-01-10,2025-01-12,2.0,47,50
Talk Saxy,RIIZE,2025-01-10,2025-01-12,2.0,49,46
You & Me,JENNIE,2025-01-08,2025-01-12,4.0,49,48
New Jeans,NewJeans,2025-01-09,2025-01-13,4.0,50,49
Closer to You (feat. Major Lazer),Jung Kook,2025-01-12,2025-01-16,4.0,50,49
Lost and Found,KingLee & Lil' Flip,2024-12-28,2025-01-16,19.0,27,8
All Or Nothing,J Money & KingLee,2024-12-22,2025-01-17,26.0,30,26
Talk Saxy,RIIZE,2025-01-13,2025-01-17,4.0,44,50
Love Letter,Lim Young Woong,2025-01-16,2025-01-18,2.0,44,48
Lovin On Me,Jack Harlow,2025-01-15,2025-01-18,3.0,50,49
Left and Right (Feat. Jung Kook of BTS),Charlie Puth,2025-01-19,2025-01-21,2.0,48,44
Please Don't Change (feat. DJ Snake),Jung Kook,2025-01-16,2025-01-21,5.0,45,36
Baddie,IVE,2025-01-06,2025-01-22,16.0,48,49
Father,Lim Young Woong,2025-01-20,2025-01-22,2.0,42,42
Love Letter,Lim Young Woong,2025-01-20,2025-01-22,2.0,50,50
Please Don't Change (feat. DJ Snake),Jung Kook,2025-01-21,2025-01-23,2.0,36,49
With you,Jimin & HA SUNG WOON,2024-07-06,2025-01-23,201.0,50,28
Lovin On Me,Jack Harlow,2025-01-22,2025-01-24,2.0,46,47
GODS,League of Legends & NewJeans,2025-01-22,2025-01-25,3.0,45,48
Somebody,Jung Kook,2024-12-21,2025-01-25,35.0,49,50
Please Don't Change (feat. DJ Snake),Jung Kook,2025-01-24,2025-01-26,2.0,48,49
Love Letter,Lim Young Woong,2025-01-22,2025-01-27,5.0,50,48
Talk Saxy,RIIZE,2025-01-21,2025-01-27,6.0,50,49
Left and Right (Feat. Jung Kook of BTS),Charlie Puth,2025-01-24,2025-01-28,4.0,50,50
OMG,NewJeans,2025-01-26,2025-01-28,2.0,50,49
Somebody,Jung Kook,2025-01-25,2025-01-28,3.0,50,46
Hate You,Jung Kook,2025-01-27,2025-01-30,3.0,46,45
Interlude : Dive,Jimin,2025-01-27,2025-01-30,3.0,34,44
GODS,League of Legends & NewJeans,2025-01-25,2025-01-31,6.0,48,49
Love Letter,Lim Young Woong,2025-01-30,2025-02-01,2.0,49,49
OMG,NewJeans,2025-01-29,2025-02-01,3.0,49,50
Hate You,Jung Kook,2025-01-30,2025-02-02,3.0,45,44
Interlude : Dive,Jimin,2025-01-31,2025-02-02,2.0,36,47
Somebody,Jung Kook,2025-01-31,2025-02-02,2.0,48,48
Beautiful Things,Benson Boone,2025-02-01,2025-02-03,2.0,48,50
MANIAC,VIVIZ,2025-02-01,2025-02-03,2.0,46,48
Please Don't Change (feat. DJ Snake),Jung Kook,2025-01-26,2025-02-03,8.0,49,46
Interlude : Dive,Jimin,2025-02-02,2025-02-04,2.0,47,48
OMG,NewJeans,2025-02-01,2025-02-04,3.0,50,50
Beautiful Things,Benson Boone,2025-02-03,2025-02-05,2.0,50,46
Please Don't Change (feat. DJ Snake),Jung Kook,2025-02-03,2025-02-05,2.0,46,50
Love Letter,Lim Young Woong,2025-02-01,2025-02-07,6.0,49,50
Interlude : Dive,Jimin,2025-02-06,2025-02-08,2.0,39,49
Somebody,Jung Kook,2025-02-02,2025-02-08,6.0,48,47
MANIAC,VIVIZ,2025-02-04,2025-02-09,5.0,49,48
Hype Boy,NewJeans,2025-01-15,2025-02-10,26.0,46,49
Left and Right (Feat. Jung Kook of BTS),Charlie Puth,2025-01-29,2025-02-10,12.0,50,46
New Jeans,NewJeans,2025-01-15,2025-02-10,26.0,49,45
OMG,NewJeans,2025-02-04,2025-02-10,6.0,50,43
Somebody,Jung Kook,2025-02-08,2025-02-10,2.0,47,48
A Psalm of Life,Lim Young Woong,2025-02-09,2025-02-11,2.0,45,49
HERO,Lim Young Woong,2025-02-09,2025-02-11,2.0,41,46
Lovely Touch,Lim Young Woong,2025-02-09,2025-02-11,2.0,44,50
Love Always Run Away,Lim Young Woong,2025-02-09,2025-02-12,3.0,50,46
New Jeans,NewJeans,2025-02-10,2025-02-12,2.0,45,43
Please Don't Change (feat. DJ Snake),Jung Kook,2025-02-07,2025-02-13,6.0,48,45
Somebody,Jung Kook,2025-02-10,2025-02-13,3.0,48,49
Bling-Bang-Bang-Born,Creepy Nuts,2025-02-12,2025-02-14,2.0,38,50
Interlude : Dive,Jimin,2025-02-11,2025-02-14,3.0,42,24
MANIAC,VIVIZ,2025-02-12,2025-02-14,2.0,47,49
My Love Mine All Mine,Mitski,2025-02-12,2025-02-14,2.0,39,42
New Jeans,NewJeans,2025-02-12,2025-02-14,2.0,43,48
OMG,NewJeans,2025-02-12,2025-02-14,2.0,41,47
Super Lady,(G)I-DLE,2025-02-12,2025-02-15,3.0,45,48
"yes, and?",Ariana Grande,2025-02-12,2025-02-15,3.0,48,45
Ditto,NewJeans,2025-02-12,2025-02-16,4.0,42,50
Somebody,Jung Kook,2025-02-14,2025-02-17,3.0,41,45
HERO,Lim Young Woong,2025-02-12,2025-02-18,6.0,49,50
I Love You,Lim Young Woong,2025-02-15,2025-02-18,3.0,50,47
A Psalm of Life,Lim Young Woong,2025-02-12,2025-02-19,7.0,50,45
Father,Lim Young Woong,2025-02-09,2025-02-19,10.0,46,46
Love Always Run Away,Lim Young Woong,2025-02-12,2025-02-19,7.0,46,43
Lovely Touch,Lim Young Woong,2025-02-11,2025-02-19,8.0,50,44
ETA,NewJeans,2025-02-21,2025-02-23,2.0,48,49
I Love You,Lim Young Woong,2025-02-20,2025-02-23,3.0,42,50
Interlude : Dive,Jimin,2025-02-21,2025-02-24,3.0,44,39
Closer to You (feat. Major Lazer),Jung Kook,2025-01-16,2025-02-25,40.0,49,49
A Psalm of Life,Lim Young Woong,2025-02-20,2025-02-26,6.0,45,46
Father,Lim Young Woong,2025-02-20,2025-02-26,6.0,46,50
I Love You,Lim Young Woong,2025-02-23,2025-02-26,3.0,50,48
Somebody,Jung Kook,2025-02-17,2025-02-26,9.0,45,45
MANIAC,VIVIZ,2025-02-17,2025-02-28,11.0,49,50
New Jeans,NewJeans,2025-02-18,2025-02-28,10.0,48,48
Shot Glass of Tears,Jung Kook,2024-12-29,2025-03-01,62.0,50,44
Too Sad to Dance,Jung Kook,2024-12-23,2025-03-01,68.0,45,39
Closer to You (feat. Major Lazer),Jung Kook,2025-02-28,2025-03-02,2.0,45,47
My Love Mine All Mine,Mitski,2025-02-25,2025-03-02,5.0,50,46
Rainy Days,V,2025-02-20,2025-03-02,10.0,33,50
Standing Next to You,Jung Kook,2025-03-01,2025-03-03,2.0,8,8
I Love You,Lim Young Woong,2025-02-28,2025-03-04,4.0,49,50
CARNIVAL,¥$ & Kanye West & Ty Dolla $ign,2025-02-21,2025-03-06,13.0,43,50
Interlude : Dive,Jimin,2025-03-02,2025-03-06,4.0,34,43
STUPID IN LOVE (feat. HUH YUNJIN of LE SSERAFIM),MAX,2025-02-18,2025-03-06,16.0,46,49
Closer to You (feat. Major Lazer),Jung Kook,2025-03-05,2025-03-07,2.0,37,48
Somebody,Jung Kook,2025-03-05,2025-03-07,2.0,42,41
CARNIVAL,¥$ & Kanye West & Ty Dolla $ign,2025-03-06,2025-03-08,2.0,50,48
New Jeans,NewJeans,2025-03-06,2025-03-08,2.0,47,45
Saturn,SZA,2025-03-01,2025-03-08,7.0,43,49
I Love You,Lim Young Woong,2025-03-05,2025-03-09,4.0,50,46
wherever u r (ft. V of BTS),UMI & V,2025-03-07,2025-03-09,2.0,49,49
Somebody,Jung Kook,2025-03-08,2025-03-10,2.0,42,50
"yes, and?",Ariana Grande,2025-02-18,2025-03-10,20.0,49,30
Ditto,NewJeans,2025-02-17,2025-03-11,22.0,50,49
Hate You,Jung Kook,2025-03-09,2025-03-11,2.0,43,47
Rainy Days,V,2025-03-09,2025-03-11,2.0,50,44
Bling-Bang-Bang-Born,Creepy Nuts,2025-02-20,2025-03-13,21.0,50,48
3D (feat. Jack Harlow),Jung Kook,2025-03-13,2025-03-15,2.0,5,6
A bientot,Lim Young Woong,2025-03-13,2025-03-15,2.0,39,38
AK47,Men's Tear & 뷰티풀너드,2025-03-13,2025-03-15,2.0,32,35
Alone,Jimin,2025-03-13,2025-03-15,2.0,23,23
Bam Yang Gang,BIBI,2025-03-13,2025-03-15,2.0,9,10
Beautiful Things,Benson Boone,2025-03-13,2025-03-15,2.0,22,21
Bling-Bang-Bang-Born,Creepy Nuts,2025-03-13,2025-03-15,2.0,48,45
CARNIVAL,¥$ & Kanye West & Ty Dolla $ign,2025-03-08,2025-03-15,7.0,48,42
Closer Than This,Jimin,2025-03-13,2025-03-15,2.0,7,8
Cruel Summer,Taylor Swift,2025-03-13,2025-03-15,2.0,29,24
Do or Die,Lim Young Woong,2025-03-13,2025-03-15,2.0,12,12
Drama,aespa,2025-03-13,2025-03-15,2.0,35,32
EASY,LE SSERAFIM,2025-03-13,2025-03-15,2.0,4,3
ETA,NewJeans,2025-03-13,2025-03-15,2.0,45,43
Face-off,Jimin,2025-03-13,2025-03-15,2.0,24,25
Fate,(G)I-DLE,2025-03-13,2025-03-15,2.0,14,14
Get A Guitar,RIIZE,2025-03-13,2025-03-15,2.0,37,40
Grain of Sand,Lim Young Woong,2025-03-13,2025-03-15,2.0,13,13
Hate You,Jung Kook,2025-03-13,2025-03-15,2.0,44,39
Holssi,IU,2025-03-13,2025-03-15,2.0,28,30
If We Ever Meet Again,Lim Young Woong,2025-03-13,2025-03-15,2.0,21,22
Interlude : Dive,Jimin,2025-03-13,2025-03-15,2.0,33,34
Like Crazy,Jimin,2025-03-13,2025-03-15,2.0,1,1
Like Crazy (English Version),Jimin,2025-03-13,2025-03-15,2.0,3,4
London Boy,Lim Young Woong,2025-03-13,2025-03-15,2.0,15,15
Love 119,RIIZE,2025-03-13,2025-03-15,2.0,26,26
Love Me Again,V,2025-03-13,2025-03-15,2.0,18,17
Love wins all,IU,2025-03-13,2025-03-15,2.0,27,28
My Love Mine All Mine,Mitski,2025-03-13,2025-03-15,2.0,47,50
"Our Blues, Our Life",Lim Young Woong,2025-03-13,2025-03-15,2.0,38,37
Perfect Night,LE SSERAFIM,2025-03-13,2025-03-15,2.0,16,16
Please Don't Change (feat. DJ Snake),Jung Kook,2025-03-09,2025-03-15,6.0,41,49
Polaroid,Lim Young Woong,2025-03-13,2025-03-15,2.0,19,19
Rainbow,Lim Young Woong,2025-03-13,2025-03-15,2.0,31,31
Rainy Days,V,2025-03-13,2025-03-15,2.0,50,48
Saturn,SZA,2025-03-13,2025-03-15,2.0,46,46
Set Me Free Pt.2,Jimin,2025-03-13,2025-03-15,2.0,6,7
Seven (feat. Latto) (Explicit Ver.),Jung Kook,2025-03-13,2025-03-15,2.0,2,2
Slow Dancing,V,2025-03-13,2025-03-15,2.0,41,36
Smart,LE SSERAFIM,2025-03-13,2025-03-15,2.0,10,9
Standing Next to You,Jung Kook,2025-03-13,2025-03-15,2.0,8,5
Super Shy,NewJeans,2025-03-13,2025-03-15,2.0,36,33
Swan Song,LE SSERAFIM,2025-03-13,2025-03-15,2.0,42,44
To. X,TAEYEON,2025-03-13,2025-03-15,2.0,20,20
Yes or No,Jung Kook,2025-03-13,2025-03-15,2.0,30,27
"Yes or No (Feat. 허윤진 of LE SSERAFIM, Crush)",GroovyRoom & HUH YUNJIN,2025-03-13,2025-03-15,2.0,43,41
bye,Ariana Grande,2025-03-13,2025-03-15,2.0,34,47
plot twist,TWS,2025-03-13,2025-03-15,2.0,11,11
we can't be friends (wait for your love),Ariana Grande,2025-03-13,2025-03-15,2.0,17,18
"yes, and?",Ariana Grande,2025-03-13,2025-03-15,2.0,25,29
Closer to You (feat. Major Lazer),Jung Kook,2025-03-07,2025-03-16,9.0,48,50
New Jeans,NewJeans,2025-03-10,2025-03-16,6.0,47,49
wherever u r (ft. V of BTS),UMI & V,2025-03-10,2025-03-16,6.0,46,41
Too Sad to Dance,Jung Kook,2025-03-01,2025-03-17,16.0,39,40
Ditto,NewJeans,2025-03-12,2025-03-18,6.0,49,50
New Jeans,NewJeans,2025-03-16,2025-03-18,2.0,49,47
My Love Mine All Mine,Mitski,2025-03-15,2025-03-19,4.0,50,47
Too Sad to Dance,Jung Kook,2025-03-17,2025-03-19,2.0,40,41
New Jeans,NewJeans,2025-03-18,2025-03-20,2.0,47,50
Too Sad to Dance,Jung Kook,2025-03-19,2025-03-21,2.0,41,50
My Love Mine All Mine,Mitski,2025-03-20,2025-03-22,2.0,48,50
New Jeans,NewJeans,2025-03-20,2025-03-22,2.0,50,49
STUPID IN LOVE (feat. HUH YUNJIN of LE SSERAFIM),MAX,2025-03-07,2025-03-23,16.0,45,48
Rainy Days,V,2025-03-16,2025-03-24,8.0,39,44
3D (feat. Jack Harlow),Jung Kook,2025-03-24,2025-03-26,2.0,4,5
A bientot,Lim Young Woong,2025-03-24,2025-03-26,2.0,40,38
AK47,Men's Tear & 뷰티풀너드,2025-03-24,2025-03-26,2.0,43,40
Alone,Jimin,2025-03-24,2025-03-26,2.0,21,23
Bam Yang Gang,BIBI,2025-03-24,2025-03-26,2.0,16,14
Beautiful Things,Benson Boone,2025-03-24,2025-03-26,2.0,23,22
Bling-Bang-Bang-Born,Creepy Nuts,2025-03-24,2025-03-26,2.0,46,42
Closer Than This,Jimin,2025-03-24,2025-03-26,2.0,7,6
Cruel Summer,Taylor Swift,2025-03-24,2025-03-26,2.0,30,29
Ditto,NewJeans,2025-03-18,2025-03-26,8.0,50,49
Do or Die,Lim Young Woong,2025-03-24,2025-03-26,2.0,13,15
Drama,aespa,2025-03-24,2025-03-26,2.0,37,35
EASY,LE SSERAFIM,2025-03-24,2025-03-26,2.0,8,8
ETA,NewJeans,2025-03-24,2025-03-26,2.0,39,39
FRI(END)S,V,2025-03-24,2025-03-26,2.0,9,10
Face-off,Jimin,2025-03-24,2025-03-26,2.0,24,25
Fate,(G)I-DLE,2025-03-24,2025-03-26,2.0,11,9
Get A Guitar,RIIZE,2025-03-24,2025-03-26,2.0,45,44
Grain of Sand,Lim Young Woong,2025-03-24,2025-03-26,2.0,14,16
Hate You,Jung Kook,2025-03-24,2025-03-26,2.0,42,45
Holssi,IU,2025-03-23,2025-03-26,3.0,49,48
Hype Boy,NewJeans,2025-02-10,2025-03-26,44.0,49,47
If We Ever Meet Again,Lim Young Woong,2025-03-24,2025-03-26,2.0,26,24
Interlude : Dive,Jimin,2025-03-24,2025-03-26,2.0,27,27
Like Crazy,Jimin,2025-03-24,2025-03-26,2.0,1,1
Like Crazy (English Version),Jimin,2025-03-24,2025-03-26,2.0,3,3
London Boy,Lim Young Woong,2025-03-24,2025-03-26,2.0,17,17
Love 119,RIIZE,2025-03-24,2025-03-26,2.0,31,30
Love Me Again,V,2025-03-24,2025-03-26,2.0,12,12
Love wins all,IU,2025-03-24,2025-03-26,2.0,36,34
New Jeans,NewJeans,2025-03-24,2025-03-26,2.0,50,46
"Our Blues, Our Life",Lim Young Woong,2025-03-24,2025-03-26,2.0,38,37
Perfect Night,LE SSERAFIM,2025-03-24,2025-03-26,2.0,18,18
Polaroid,Lim Young Woong,2025-03-24,2025-03-26,2.0,20,20
Rainbow,Lim Young Woong,2025-03-24,2025-03-26,2.0,33,33
STUPID IN LOVE (feat. HUH YUNJIN of LE SSERAFIM),MAX,2025-03-24,2025-03-26,2.0,49,32
Set Me Free Pt.2,Jimin,2025-03-24,2025-03-26,2.0,5,4
Seven (feat. Latto) (Explicit Ver.),Jung Kook,2025-03-24,2025-03-26,2.0,2,2
Slow Dancing,V,2025-03-24,2025-03-26,2.0,25,26
Smart,LE SSERAFIM,2025-03-24,2025-03-26,2.0,10,11
Standing Next to You,Jung Kook,2025-03-24,2025-03-26,2.0,6,7
Super Shy,NewJeans,2025-03-24,2025-03-26,2.0,29,31
To. X,TAEYEON,2025-03-24,2025-03-26,2.0,22,21
Welcome to the Show,DAY6,2025-03-24,2025-03-26,2.0,32,36
Yes or No,Jung Kook,2025-03-24,2025-03-26,2.0,28,28
"Yes or No (Feat. 허윤진 of LE SSERAFIM, Crush)",GroovyRoom & HUH YUNJIN,2025-03-24,2025-03-26,2.0,47,41
plot twist,TWS,2025-03-24,2025-03-26,2.0,15,13
we can't be friends (wait for your love),Ariana Grande,2025-03-24,2025-03-26,2.0,19,19
My Love Mine All Mine,Mitski,2025-03-22,2025-03-27,5.0,50,41
Like That,Future & Metro Boomin,2025-03-27,2025-03-29,2.0,48,46
Hype Boy,NewJeans,2025-03-26,2025-03-30,4.0,47,50
My Love Mine All Mine,Mitski,2025-03-28,2025-03-30,2.0,46,49
Ditto,NewJeans,2025-03-26,2025-04-01,6.0,49,47
Hype Boy,NewJeans,2025-03-30,2025-04-01,2.0,50,46
OMG,NewJeans,2025-02-18,2025-04-01,42.0,45,48
Time of Our Life -Japanese ver.- - Japanese ver.,DAY6,2025-03-29,2025-04-01,3.0,47,49
Welcome to the Show,DAY6,2025-03-31,2025-04-02,2.0,47,48
Hype Boy,NewJeans,2025-04-02,2025-04-04,2.0,49,48
A bientot,Lim Young Woong,2025-04-03,2025-04-05,2.0,47,46
Filter,BTS,2024-06-22,2025-04-06,288.0,50,31
Get A Guitar,RIIZE,2025-03-29,2025-04-06,8.0,48,49
Drama,aespa,2025-04-05,2025-04-07,2.0,48,48
ETA,NewJeans,2025-04-05,2025-04-07,2.0,50,50
If I have you only (My love X Nerd Connection),Nerd Connection,2025-04-02,2025-04-09,7.0,50,47
No Tomorrow - Spotify Singles,Various Artists,2025-04-08,2025-04-10,2.0,50,46
Hype Boy,NewJeans,2025-04-04,2025-04-11,7.0,48,46
Get A Guitar,RIIZE,2025-04-10,2025-04-12,2.0,48,49
If I have you only (My love X Nerd Connection),Nerd Connection,2025-04-09,2025-04-12,3.0,47,43
Time of Our Life -Japanese ver.- - Japanese ver.,DAY6,2025-04-04,2025-04-14,10.0,49,42
You Were Beautiful,DAY6,2025-03-26,2025-04-14,19.0,50,48
Welcome to the Show,DAY6,2025-04-04,2025-04-16,12.0,46,46
ETA,NewJeans,2025-04-16,2025-04-18,2.0,49,50
If I have you only (My love X Nerd Connection),Nerd Connection,2025-04-16,2025-04-18,2.0,45,49
Welcome to the Show,DAY6,2025-04-16,2025-04-18,2.0,46,48
A bientot,Lim Young Woong,2025-04-17,2025-04-19,2.0,40,43
You Were Beautiful,DAY6,2025-04-17,2025-04-19,2.0,46,49
Drama,aespa,2025-04-17,2025-04-20,3.0,49,50
Love wins all,IU,2025-04-19,2025-04-21,2.0,47,48
I’ll See You There Tomorrow,TOMORROW X TOGETHER,2025-04-20,2025-04-23,3.0,42,45
Love 119,RIIZE,2025-04-20,2025-04-23,3.0,44,50
Love You With All My Heart,Crush,2025-04-17,2025-04-23,6.0,48,48
Lucky Girl Syndrome,ILLIT,2025-04-06,2025-04-23,17.0,45,44
Time of Our Life -Japanese ver.- - Japanese ver.,DAY6,2025-04-20,2025-04-23,3.0,47,49
A bientot,Lim Young Woong,2025-04-22,2025-04-24,2.0,49,49
Get A Guitar,RIIZE,2025-04-15,2025-04-24,9.0,50,50
"Our Blues, Our Life",Lim Young Woong,2025-04-22,2025-04-24,2.0,47,47
Time of Our Life -Japanese ver.- - Japanese ver.,DAY6,2025-04-23,2025-04-25,2.0,49,48
Cruel Summer,Taylor Swift,2025-04-24,2025-04-26,2.0,48,46
Ditto,NewJeans,2025-04-01,2025-04-27,26.0,47,46
ETA,NewJeans,2025-04-18,2025-04-27,9.0,50,41
Hype Boy,NewJeans,2025-04-16,2025-04-27,11.0,48,45
New Jeans,NewJeans,2025-04-20,2025-04-27,7.0,48,40
Attention,NewJeans,2024-09-29,2025-04-28,211.0,48,38
OMG,NewJeans,2025-04-01,2025-04-28,27.0,48,41
"Our Blues, Our Life",Lim Young Woong,2025-04-27,2025-04-29,2.0,49,50
Little Light,DOYOUNG,2025-04-28,2025-05-01,3.0,40,43
"Our Blues, Our Life",Lim Young Woong,2025-04-30,2025-05-02,2.0,48,50
Slow Dancing,V,2025-04-30,2025-05-02,2.0,49,48
Drama,aespa,2025-04-20,2025-05-03,13.0,50,47
Slow Dancing,V,2025-05-02,2025-05-04,2.0,48,48
Bam Yang Gang,BIBI,2025-04-30,2025-05-05,5.0,45,47
To. X,TAEYEON,2025-04-30,2025-05-05,5.0,42,50
Yes or No,Jung Kook,2025-05-01,2025-05-06,5.0,46,47
euphoria,Kendrick Lamar,2025-05-04,2025-05-06,2.0,42,50
A bientot,Lim Young Woong,2025-04-26,2025-05-07,11.0,48,43
"Our Blues, Our Life",Lim Young Woong,2025-05-04,2025-05-07,3.0,49,42
Slow Dancing,V,2025-05-05,2025-05-07,2.0,48,44
we can't be friends (wait for your love),Ariana Grande,2025-05-06,2025-05-08,2.0,46,50
"Our Blues, Our Life",Lim Young Woong,2025-05-08,2025-05-10,2.0,49,46
Drama,aespa,2025-05-09,2025-05-11,2.0,47,46
Perfect Night,LE SSERAFIM,2025-05-10,2025-05-13,3.0,47,50
Attention,NewJeans,2025-05-11,2025-05-14,3.0,50,50
MAESTRO,SEVENTEEN,2025-05-11,2025-05-15,4.0,41,49
Sudden Shower,ECLIPSE,2025-05-10,2025-05-15,5.0,48,50
"Our Blues, Our Life",Lim Young Woong,2025-05-14,2025-05-16,2.0,47,46
Ditto,NewJeans,2025-05-15,2025-05-17,2.0,48,49
Mars,D.O.,2025-05-12,2025-05-18,6.0,48,47
Attention,NewJeans,2025-05-14,2025-05-19,5.0,50,48
Spring Snow,10CM,2025-05-17,2025-05-19,2.0,50,44
Ditto,NewJeans,2025-05-18,2025-05-20,2.0,48,49
OMG,NewJeans,2025-05-18,2025-05-20,2.0,49,50
"Our Blues, Our Life",Lim Young Woong,2025-05-18,2025-05-20,2.0,50,48
Perfect Night,LE SSERAFIM,2025-05-14,2025-05-20,6.0,49,46
Sudden Shower,ECLIPSE,2025-05-18,2025-05-21,3.0,43,48
Spring Snow,10CM,2025-05-19,2025-05-22,3.0,44,46
CHIHIRO,Billie Eilish,2025-05-19,2025-05-23,4.0,47,46
I Had Some Help (Feat. Morgan Wallen),Post Malone & Morgan Wallen,2025-05-19,2025-05-23,4.0,45,50
Perfect Night,LE SSERAFIM,2025-05-20,2025-05-23,3.0,46,49
Come back to me,RM,2025-05-16,2025-05-26,10.0,47,42
Jealousyvalhalla,YANGHONGWON,2025-05-22,2025-05-26,4.0,44,16
ETA,NewJeans,2025-05-25,2025-05-27,2.0,44,48
Fate,(G)I-DLE,2025-05-25,2025-05-27,2.0,40,44
Hype Boy,NewJeans,2025-05-25,2025-05-27,2.0,43,49
Lucky Girl Syndrome,ILLIT,2025-05-25,2025-05-27,2.0,37,45
Smart,LE SSERAFIM,2025-05-25,2025-05-27,2.0,36,39
BIRDS OF A FEATHER,Billie Eilish,2025-05-26,2025-05-28,2.0,37,41
Fortnight (feat. Post Malone),Taylor Swift,2025-05-26,2025-05-28,2.0,46,50
Sudden Shower,ECLIPSE,2025-05-25,2025-05-28,3.0,41,38
If We Ever Meet Again,Lim Young Woong,2025-05-26,2025-05-29,3.0,47,47
Spring Snow,10CM,2025-05-25,2025-05-29,4.0,38,50
Not Like Us,Kendrick Lamar,2025-05-25,2025-05-30,5.0,29,48
Alone,Jimin,2025-05-29,2025-05-31,2.0,40,45
Ditto,NewJeans,2025-05-20,2025-05-31,11.0,49,42
Face-off,Jimin,2025-05-29,2025-05-31,2.0,45,49
Attention,NewJeans,2025-05-19,2025-06-01,13.0,48,50
Fate,(G)I-DLE,2025-05-27,2025-06-01,5.0,44,49
OMG,NewJeans,2025-05-22,2025-06-01,10.0,50,45
Perfect Night,LE SSERAFIM,2025-05-25,2025-06-01,7.0,50,48
Alone,Jimin,2025-05-31,2025-06-02,2.0,45,44
Face-off,Jimin,2025-05-31,2025-06-02,2.0,49,49
Fortnight (feat. Post Malone),Taylor Swift,2025-05-29,2025-06-02,4.0,49,50
Lucky Girl Syndrome,ILLIT,2025-05-30,2025-06-02,3.0,45,43
plot twist,TWS,2025-05-25,2025-06-02,8.0,48,46
Perfect Night,LE SSERAFIM,2025-06-01,2025-06-03,2.0,48,46
Time of Our Life -Japanese ver.- - Japanese ver.,DAY6,2025-04-26,2025-06-03,38.0,47,49
Rainbow,Lim Young Woong,2025-05-22,2025-06-04,13.0,49,49
Face-off,Jimin,2025-06-02,2025-06-05,3.0,49,43
Interlude : Dive,Jimin,2025-05-29,2025-06-05,7.0,43,41
Rainbow,Lim Young Woong,2025-06-04,2025-06-07,3.0,49,50
Closer to You (feat. Major Lazer),Jung Kook,2025-03-17,2025-06-08,83.0,50,48
Face-off,Jimin,2025-06-07,2025-06-09,2.0,43,41
"Our Blues, Our Life",Lim Young Woong,2025-05-21,2025-06-10,20.0,49,49
Cruel Summer,Taylor Swift,2025-04-27,2025-06-12,46.0,48,50
Interlude : Dive,Jimin,2025-06-08,2025-06-12,4.0,50,46
Lucky Girl Syndrome,ILLIT,2025-06-09,2025-06-12,3.0,49,48
Attention,NewJeans,2025-06-08,2025-06-14,6.0,44,48
Perfect Night,LE SSERAFIM,2025-06-11,2025-06-14,3.0,50,50
Rainbow,Lim Young Woong,2025-06-11,2025-06-16,5.0,48,49
Cruel Summer,Taylor Swift,2025-06-15,2025-06-17,2.0,49,47
plot twist,TWS,2025-06-15,2025-06-17,2.0,46,49
Impossible,RIIZE,2025-05-25,2025-06-18,24.0,46,49
Rainbow,Lim Young Woong,2025-06-16,2025-06-18,2.0,49,50
Midas Touch,KISS OF LIFE,2025-06-17,2025-06-19,2.0,45,49
"Our Blues, Our Life",Lim Young Woong,2025-06-11,2025-06-21,10.0,49,50
Rainbow,Lim Young Woong,2025-06-18,2025-06-21,3.0,50,48
Not Like Us,Kendrick Lamar,2025-06-01,2025-06-22,21.0,44,47
A bientot,Lim Young Woong,2025-05-07,2025-06-24,48.0,43,45
Girls Never Die,tripleS,2025-06-21,2025-06-24,3.0,42,50
"Our Blues, Our Life",Lim Young Woong,2025-06-21,2025-06-24,3.0,50,39
Rainbow,Lim Young Woong,2025-06-21,2025-06-24,3.0,48,42
Face-off,Jimin,2025-06-23,2025-06-26,3.0,40,47
Attention,NewJeans,2025-06-17,2025-06-28,11.0,50,50
FRI(END)S,V,2025-06-25,2025-06-28,3.0,48,48
Interlude : Dive,Jimin,2025-06-23,2025-06-28,5.0,50,47
EASY,LE SSERAFIM,2025-06-23,2025-06-29,6.0,48,48
Midas Touch,KISS OF LIFE,2025-06-21,2025-06-29,8.0,49,50
FRI(END)S,V,2025-06-28,2025-06-30,2.0,48,49
"Our Blues, Our Life",Lim Young Woong,2025-06-27,2025-06-30,3.0,50,50
Rainbow,Lim Young Woong,2025-06-28,2025-06-30,2.0,49,46
Alone,Jimin,2025-06-29,2025-07-01,2.0,26,50
Face-off,Jimin,2025-06-29,2025-07-01,2.0,36,49
"Our Blues, Our Life",Lim Young Woong,2025-07-01,2025-07-04,3.0,48,49
SHEESH,BABYMONSTER,2025-06-30,2025-07-04,4.0,47,50
Face-off,Jimin,2025-07-03,2025-07-06,3.0,49,50
"Our Blues, Our Life",Lim Young Woong,2025-07-04,2025-07-06,2.0,49,48
Not Like Us,Kendrick Lamar,2025-06-29,2025-07-07,8.0,44,40
ETA,NewJeans,2025-07-05,2025-07-08,3.0,47,48
"Our Blues, Our Life",Lim Young Woong,2025-07-07,2025-07-09,2.0,48,48
3D (feat. Jack Harlow),Jung Kook,2025-07-10,2025-07-12,2.0,11,10
ABCD,NAYEON,2025-07-10,2025-07-12,2.0,48,44
Armageddon,aespa,2025-07-10,2025-07-12,2.0,17,16
BIRDS OF A FEATHER,Billie Eilish,2025-07-10,2025-07-12,2.0,26,28
Boom Boom Bass,RIIZE,2025-07-10,2025-07-12,2.0,27,25
Bubble Gum,NewJeans,2025-07-10,2025-07-12,2.0,15,15
Closer Than This,Jimin,2025-07-10,2025-07-12,2.0,5,5
Cosmic,Red Velvet,2025-07-10,2025-07-12,2.0,31,31
Ditto,NewJeans,2025-07-10,2025-07-12,2.0,46,49
Do or Die,Lim Young Woong,2025-07-10,2025-07-12,2.0,21,22
Drama,aespa,2025-07-03,2025-07-12,9.0,50,50
Espresso,Sabrina Carpenter,2025-07-10,2025-07-12,2.0,28,27
FRI(END)S,V,2025-07-10,2025-07-12,2.0,44,48
Grain of Sand,Lim Young Woong,2025-07-10,2025-07-12,2.0,23,23
Home,Lim Young Woong,2025-07-10,2025-07-12,2.0,19,19
How Sweet,NewJeans,2025-07-10,2025-07-12,2.0,9,8
Hype Boy,NewJeans,2025-07-10,2025-07-12,2.0,41,35
"If I’m S, Can You Be My N?",TWS,2025-07-10,2025-07-12,2.0,39,34
If We Ever Meet Again,Lim Young Woong,2025-07-10,2025-07-12,2.0,32,32
Like Crazy,Jimin,2025-07-10,2025-07-12,2.0,1,1
Like Crazy (English Version),Jimin,2025-07-10,2025-07-12,2.0,6,7
London Boy,Lim Young Woong,2025-07-10,2025-07-12,2.0,24,26
Love Me Again,V,2025-07-10,2025-07-12,2.0,29,30
MILLION DOLLAR BABY,Tommy Richman,2025-07-10,2025-07-12,2.0,25,24
Magnetic,ILLIT,2025-07-10,2025-07-12,2.0,14,14
Never Let Go,Jung Kook,2025-07-10,2025-07-12,2.0,20,20
New Jeans,NewJeans,2025-07-10,2025-07-12,2.0,42,45
Not Like Us,Kendrick Lamar,2025-07-10,2025-07-12,2.0,40,42
OMG,NewJeans,2025-07-10,2025-07-12,2.0,45,46
Please Please Please,Sabrina Carpenter,2025-07-10,2025-07-12,2.0,34,40
Polaroid,Lim Young Woong,2025-07-10,2025-07-12,2.0,30,29
Rainbow,Lim Young Woong,2025-07-10,2025-07-12,2.0,43,47
Right Now,NewJeans,2025-07-10,2025-07-12,2.0,16,17
Rockstar,LISA,2025-07-10,2025-07-12,2.0,35,41
SPOT!,ZICO & JENNIE,2025-07-10,2025-07-12,2.0,33,36
Set Me Free Pt.2,Jimin,2025-07-10,2025-07-12,2.0,7,9
Seven (feat. Latto) (Explicit Ver.),Jung Kook,2025-07-10,2025-07-12,2.0,3,3
Small girl (feat. D.O.),Lee Young Ji,2025-07-10,2025-07-12,2.0,10,11
Smeraldo Garden Marching Band (feat. Loco),Jimin & Loco,2025-07-10,2025-07-12,2.0,2,2
Standing Next to You,Jung Kook,2025-07-10,2025-07-12,2.0,12,12
Sticky,KISS OF LIFE,2025-07-10,2025-07-12,2.0,8,6
Sudden Shower,ECLIPSE,2025-07-10,2025-07-12,2.0,36,38
Super Shy,NewJeans,2025-07-10,2025-07-12,2.0,38,39
Supernatural,NewJeans,2025-07-10,2025-07-12,2.0,4,4
Supernova,aespa,2025-07-10,2025-07-12,2.0,13,13
T.B.H,QWER,2025-07-10,2025-07-12,2.0,37,37
Warmth,Lim Young Woong,2025-07-10,2025-07-12,2.0,18,18
Young Man,HYUKOH & 落日飛車 Sunset Rollercoaster,2025-07-10,2025-07-12,2.0,47,33
踊り子,Vaundy,2025-07-10,2025-07-12,2.0,22,21
ETA,NewJeans,2025-07-08,2025-07-14,6.0,48,48
"Our Blues, Our Life",Lim Young Woong,2025-07-10,2025-07-15,5.0,50,46
Rainbow,Lim Young Woong,2025-07-13,2025-07-15,2.0,47,45
FRI(END)S,V,2025-07-14,2025-07-17,3.0,50,48
A bientot,Lim Young Woong,2025-06-25,2025-07-18,23.0,45,48
Alone,Jimin,2025-07-01,2025-07-19,18.0,50,43
Face-off,Jimin,2025-07-06,2025-07-19,13.0,50,37
Ditto,NewJeans,2025-07-17,2025-07-20,3.0,50,49
FRI(END)S,V,2025-07-20,2025-07-22,2.0,45,49
"Our Blues, Our Life",Lim Young Woong,2025-07-20,2025-07-22,2.0,43,46
Please Please Please,Sabrina Carpenter,2025-07-21,2025-07-23,2.0,45,50
Ditto,NewJeans,2025-07-20,2025-07-24,4.0,49,45
ETA,NewJeans,2025-07-16,2025-07-24,8.0,49,50
OMG,NewJeans,2025-07-21,2025-07-24,3.0,50,42
Ditto,NewJeans,2025-07-24,2025-07-26,2.0,45,50
Klaxon,(G)I-DLE,2025-07-24,2025-07-27,3.0,47,47
Rainbow,Lim Young Woong,2025-07-24,2025-07-29,5.0,44,47
Cruel Summer,Taylor Swift,2025-06-21,2025-07-31,40.0,45,50
Not Like Us,Kendrick Lamar,2025-07-28,2025-07-31,3.0,46,47
Please Please Please,Sabrina Carpenter,2025-07-24,2025-08-01,8.0,49,50
Ditto,NewJeans,2025-07-30,2025-08-03,4.0,50,47
EASY,LE SSERAFIM,2025-06-29,2025-08-03,35.0,48,50
Rainbow,Lim Young Woong,2025-07-30,2025-08-04,5.0,47,48
"Our Blues, Our Life",Lim Young Woong,2025-07-24,2025-08-05,12.0,48,49
Who (Beautiful Mind Remix),Jimin,2025-08-03,2025-08-05,2.0,35,50
Chk Chk Boom,Stray Kids,2025-08-03,2025-08-07,4.0,46,44
Cruel Summer,Taylor Swift,2025-08-04,2025-08-07,3.0,47,48
EASY,LE SSERAFIM,2025-08-03,2025-08-08,5.0,50,49
"Our Blues, Our Life",Lim Young Woong,2025-08-07,2025-08-09,2.0,49,46
Ditto,NewJeans,2025-08-03,2025-08-10,7.0,47,45
EASY,LE SSERAFIM,2025-08-08,2025-08-10,2.0,49,38
Perfect Night,LE SSERAFIM,2025-06-20,2025-08-10,51.0,50,42
New Jeans,NewJeans,2025-08-03,2025-08-11,8.0,45,50
"Our Blues, Our Life",Lim Young Woong,2025-08-09,2025-08-12,3.0,46,49
Rainbow,Lim Young Woong,2025-08-09,2025-08-12,3.0,43,47
3D (feat. Jack Harlow),Jung Kook,2025-08-12,2025-08-14,2.0,5,5
Armageddon,aespa,2025-08-12,2025-08-14,2.0,19,16
BIRDS OF A FEATHER,Billie Eilish,2025-08-12,2025-08-14,2.0,27,18
Be Mine,Jimin,2025-08-12,2025-08-14,2.0,3,3
Boom Boom Bass,RIIZE,2025-08-12,2025-08-14,2.0,37,33
Bubble Gum,NewJeans,2025-08-12,2025-08-14,2.0,23,22
Closer Than This,Jimin,2025-08-12,2025-08-14,2.0,6,7
Cruel Summer,Taylor Swift,2025-08-12,2025-08-14,2.0,46,41
Ditto,NewJeans,2025-08-11,2025-08-14,3.0,48,45
Do or Die,Lim Young Woong,2025-08-12,2025-08-14,2.0,20,21
EASY,LE SSERAFIM,2025-08-12,2025-08-14,2.0,42,34
Espresso,Sabrina Carpenter,2025-08-12,2025-08-14,2.0,33,30
Grain of Sand,Lim Young Woong,2025-08-12,2025-08-14,2.0,21,23
Guess featuring Billie Eilish,Charli xcx & Billie Eilish,2025-08-11,2025-08-14,3.0,49,40
Home,Lim Young Woong,2025-08-12,2025-08-14,2.0,18,20
How Sweet,NewJeans,2025-08-12,2025-08-14,2.0,12,12
Hype Boy,NewJeans,2025-08-12,2025-08-14,2.0,40,36
If We Ever Meet Again,Lim Young Woong,2025-08-12,2025-08-14,2.0,31,32
Interlude : Showtime,Jimin,2025-08-12,2025-08-14,2.0,13,15
Like Crazy,Jimin,2025-08-12,2025-08-14,2.0,14,17
London Boy,Lim Young Woong,2025-08-12,2025-08-14,2.0,22,24
Love Me Again,V,2025-08-12,2025-08-14,2.0,26,31
MILLION DOLLAR BABY,Tommy Richman,2025-08-12,2025-08-14,2.0,30,28
Magnetic,ILLIT,2025-08-12,2025-08-14,2.0,15,13
Never Let Go,Jung Kook,2025-08-12,2025-08-14,2.0,25,25
New Jeans,NewJeans,2025-08-12,2025-08-14,2.0,50,44
"Our Blues, Our Life",Lim Young Woong,2025-08-12,2025-08-14,2.0,49,50
Perfect Night,LE SSERAFIM,2025-08-12,2025-08-14,2.0,41,37
Polaroid,Lim Young Woong,2025-08-12,2025-08-14,2.0,24,26
Rebirth (Intro),Jimin,2025-08-12,2025-08-14,2.0,9,10
Right Now,NewJeans,2025-08-12,2025-08-14,2.0,44,38
Seven (feat. Latto) (Explicit Ver.),Jung Kook,2025-08-12,2025-08-14,2.0,2,2
Slow Dance (feat. Sofia Carson),Jimin,2025-08-12,2025-08-14,2.0,7,8
Small girl (feat. D.O.),Lee Young Ji,2025-08-12,2025-08-14,2.0,28,27
Smeraldo Garden Marching Band (feat. Loco),Jimin,2025-08-12,2025-08-14,2.0,4,4
Standing Next to You,Jung Kook,2025-08-12,2025-08-14,2.0,10,9
Sticky,KISS OF LIFE,2025-08-12,2025-08-14,2.0,11,11
Super Shy,NewJeans,2025-08-12,2025-08-14,2.0,36,35
Supernatural,NewJeans,2025-08-12,2025-08-14,2.0,8,6
Supernova,aespa,2025-08-12,2025-08-14,2.0,16,14
T.B.H,QWER,2025-08-12,2025-08-14,2.0,45,39
Time of Our Life -Japanese ver.- - Japanese ver.,DAY6,2025-06-03,2025-08-14,72.0,49,47
Warmth,Lim Young Woong,2025-08-12,2025-08-14,2.0,17,19
Who,Jimin,2025-08-12,2025-08-14,2.0,1,1
Who (Acoustic Remix),Jimin,2025-08-12,2025-08-14,2.0,34,42
Who (Funky Remix),Jimin,2025-08-12,2025-08-14,2.0,35,49
Who (Instrumental),Jimin,2025-08-12,2025-08-14,2.0,39,46
Who (Rock Remix),Jimin,2025-08-12,2025-08-14,2.0,29,43
Who (Shibuyakei Remix),Jimin,2025-08-12,2025-08-14,2.0,38,48
踊り子,Vaundy,2025-08-12,2025-08-14,2.0,32,29
Klaxon,(G)I-DLE,2025-08-12,2025-08-15,3.0,48,45
Please Please Please,Sabrina Carpenter,2025-08-02,2025-08-15,13.0,50,47
OMG,NewJeans,2025-07-31,2025-08-17,17.0,48,50
Who (Beautiful Mind Remix),Jimin,2025-08-12,2025-08-17,5.0,43,49
Who (Funky Remix),Jimin,2025-08-14,2025-08-17,3.0,49,44
Left and Right (Feat. Jung Kook of BTS),Charlie Puth,2025-02-10,2025-08-18,189.0,46,47
New Jeans,NewJeans,2025-08-16,2025-08-18,2.0,49,50
Who (Beautiful Mind Remix),Jimin,2025-08-17,2025-08-20,3.0,49,49
Who (Funky Remix),Jimin,2025-08-17,2025-08-20,3.0,44,39
Left and Right (Feat. Jung Kook of BTS),Charlie Puth,2025-08-21,2025-08-23,2.0,48,43
Who (Beautiful Mind Remix),Jimin,2025-08-21,2025-08-23,2.0,49,49
Who (Instrumental),Jimin,2025-08-21,2025-08-23,2.0,45,46
EASY,LE SSERAFIM,2025-08-21,2025-08-24,3.0,50,47
FIELD TRIP,¥$ & Kanye West & Ty Dolla $ign,2025-08-10,2025-08-24,14.0,39,31
Please Please Please,Sabrina Carpenter,2025-08-16,2025-08-24,8.0,47,33
Super Shy,NewJeans,2025-08-22,2025-08-24,2.0,47,49
Cruel Summer,Taylor Swift,2025-08-23,2025-08-25,2.0,47,47
Perfect Night,LE SSERAFIM,2025-08-19,2025-08-25,6.0,40,50
T.B.H,QWER,2025-08-21,2025-08-25,4.0,47,44
EASY,LE SSERAFIM,2025-08-24,2025-08-26,2.0,47,49
Perfect Night,LE SSERAFIM,2025-08-25,2025-08-28,3.0,50,48
Who (Acoustic Remix),Jimin,2025-08-24,2025-08-28,4.0,43,45
Who (Rock Remix),Jimin,2025-08-24,2025-08-28,4.0,35,42
Big Dawgs,Hanumankind & Kalmi,2025-08-27,2025-08-29,2.0,48,48
EASY,LE SSERAFIM,2025-08-27,2025-08-29,2.0,49,45
HAPPY,DAY6,2025-03-21,2025-08-29,161.0,39,42
Cruel Summer,Taylor Swift,2025-08-27,2025-08-31,4.0,47,43
Hype Boy,NewJeans,2025-08-27,2025-08-31,4.0,44,47
Perfect Night,LE SSERAFIM,2025-08-28,2025-09-01,4.0,48,45
Don't Look Back in Anger - Remastered,Oasis,2025-08-31,2025-09-02,2.0,31,45
If I have you only (My love X Nerd Connection),Nerd Connection,2025-04-26,2025-09-02,129.0,44,46
Small girl (feat. D.O.),Lee Young Ji,2025-08-31,2025-09-02,2.0,44,43
Why?,PLAVE,2025-08-28,2025-09-02,5.0,34,49
Don't Look Back In Anger - Remastered,Oasis,2025-09-01,2025-09-03,2.0,49,45
Don't Look Back in Anger - Remastered,Oasis,2025-09-02,2025-09-04,2.0,45,47
Like Crazy,Jimin,2025-09-03,2025-09-05,2.0,38,33
Time of Our Life -Japanese ver.- - Japanese ver.,DAY6,2025-08-14,2025-09-05,22.0,47,50
Touch,KATSEYE,2025-09-03,2025-09-05,2.0,50,47
Hype Boy,NewJeans,2025-08-31,2025-09-07,7.0,47,46
If I have you only (My love X Nerd Connection),Nerd Connection,2025-09-03,2025-09-07,4.0,46,48
MILLION DOLLAR BABY,Tommy Richman,2025-09-04,2025-09-07,3.0,49,50
Welcome to the Show,DAY6,2025-04-19,2025-09-07,141.0,48,44
If I have you only (My love X Nerd Connection),Nerd Connection,2025-09-07,2025-09-09,2.0,48,43
Small girl (feat. D.O.),Lee Young Ji,2025-09-03,2025-09-09,6.0,43,44
Ditto,NewJeans,2025-08-16,2025-09-13,28.0,48,48
Small girl (feat. D.O.),Lee Young Ji,2025-09-11,2025-09-13,2.0,47,50
Who (Rock Remix),Jimin,2025-08-30,2025-09-13,14.0,47,49
Hype Boy,NewJeans,2025-09-12,2025-09-14,2.0,46,50
If I have you only (My love X Nerd Connection),Nerd Connection,2025-09-10,2025-09-15,5.0,43,50
Ditto,NewJeans,2025-09-14,2025-09-16,2.0,49,49
Hype Boy,NewJeans,2025-09-14,2025-09-16,2.0,50,44
You Were Beautiful,DAY6,2025-04-20,2025-09-16,149.0,49,47
Pump Up The Volume!,PLAVE,2025-09-15,2025-09-17,2.0,45,47
Cruel Summer,Taylor Swift,2025-08-31,2025-09-18,18.0,43,49
Super Shy,NewJeans,2025-08-25,2025-09-19,25.0,49,49
T.B.H,QWER,2025-08-28,2025-09-19,22.0,49,50
Boom Boom Bass,RIIZE,2025-09-18,2025-09-20,2.0,48,48
Taste,Sabrina Carpenter,2025-09-16,2025-09-20,4.0,48,47
Who (Acoustic Remix),Jimin,2025-08-28,2025-09-21,24.0,45,50
Who (Rock Remix),Jimin,2025-09-13,2025-09-21,8.0,49,49
Armageddon,aespa,2025-09-20,2025-09-22,2.0,28,38
Supernova,aespa,2025-09-20,2025-09-22,2.0,17,19
Who (Beautiful Mind Remix),Jimin,2025-08-23,2025-09-22,30.0,49,32
Who (Funky Remix),Jimin,2025-08-24,2025-09-22,29.0,42,34
Who (Instrumental),Jimin,2025-08-24,2025-09-22,29.0,45,30
Who (Shibuyakei Remix),Jimin,2025-08-23,2025-09-22,30.0,45,31
Boom Boom Bass,RIIZE,2025-09-21,2025-09-23,2.0,44,45
Bubble Gum,NewJeans,2025-09-21,2025-09-23,2.0,42,49
Hype Boy,NewJeans,2025-09-20,2025-09-23,3.0,50,50
Ditto,NewJeans,2025-09-20,2025-09-25,5.0,49,45
Taste,Sabrina Carpenter,2025-09-21,2025-09-25,4.0,43,47
double take,Dhruv,2025-09-22,2025-09-25,3.0,49,39
踊り子,Vaundy,2025-09-22,2025-09-25,3.0,50,44
Who (Instrumental),Jimin,2025-09-24,2025-09-26,2.0,41,50
Who (Beautiful Mind Remix),Jimin,2025-09-24,2025-09-27,3.0,45,45
Who (Funky Remix),Jimin,2025-09-24,2025-09-27,3.0,46,49
Who (Shibuyakei Remix),Jimin,2025-09-24,2025-09-27,3.0,44,47
Bubble Gum,NewJeans,2025-09-26,2025-09-28,2.0,49,49
Taste,Sabrina Carpenter,2025-09-25,2025-09-28,3.0,47,50
Hype Boy,NewJeans,2025-09-24,2025-09-29,5.0,49,49
If I have you only (My love X Nerd Connection),Nerd Connection,2025-09-26,2025-09-29,3.0,46,42
Pleasure Shop,KEY,2025-09-27,2025-09-29,2.0,50,48
T.B.H,QWER,2025-09-19,2025-09-29,10.0,50,44
Who (Acoustic Remix),Jimin,2025-09-28,2025-09-30,2.0,39,44
Who (Beautiful Mind Remix),Jimin,2025-09-28,2025-09-30,2.0,46,49
Who (Instrumental),Jimin,2025-09-28,2025-09-30,2.0,42,48
Who (Shibuyakei Remix),Jimin,2025-09-28,2025-09-30,2.0,43,46
double take,Dhruv,2025-09-26,2025-09-30,4.0,44,47
If We Ever Meet Again,Lim Young Woong,2025-09-29,2025-10-01,2.0,43,48
Who (Funky Remix),Jimin,2025-09-28,2025-10-01,3.0,44,41
Bubble Gum,NewJeans,2025-09-30,2025-10-02,2.0,45,50
Steady,NCT WISH,2025-09-29,2025-10-02,3.0,37,48
double take,Dhruv,2025-10-01,2025-10-03,2.0,49,48
Nice Guy,BOYNEXTDOOR,2025-09-29,2025-10-04,5.0,46,49
Ditto,NewJeans,2025-09-25,2025-10-05,10.0,45,50
Armageddon,aespa & Grimes & Flava D,2025-09-21,2025-10-06,15.0,31,36
Bubble Gum,NewJeans,2025-10-03,2025-10-06,3.0,50,48
Melt Down,DAY6,2025-10-04,2025-10-06,2.0,37,40
Time of Our Life -Japanese ver.- - Japanese ver.,DAY6,2025-10-04,2025-10-06,2.0,41,37
You Were Beautiful,DAY6,2025-10-04,2025-10-06,2.0,46,44
Armageddon,aespa,2025-10-05,2025-10-07,2.0,39,33
If We Ever Meet Again,Lim Young Woong,2025-10-05,2025-10-07,2.0,48,50
녹아내려요 Melt Down,DAY6,2025-10-05,2025-10-07,2.0,30,40
예뻤어,DAY6,2025-10-05,2025-10-07,2.0,43,44
한 페이지가 될 수 있게,DAY6,2025-10-05,2025-10-07,2.0,36,35
Melt Down,DAY6,2025-10-06,2025-10-08,2.0,40,41
Time of Our Life -Japanese ver.- - Japanese ver.,DAY6,2025-10-06,2025-10-08,2.0,37,40
You Were Beautiful,DAY6,2025-10-06,2025-10-08,2.0,44,49
ETA,NewJeans,2025-07-24,2025-10-09,77.0,50,49
T.B.H,QWER,2025-10-07,2025-10-10,3.0,49,50
Ditto,NewJeans,2025-10-08,2025-10-12,4.0,50,45
Drama,aespa,2025-07-16,2025-10-12,88.0,48,47
Hype Boy,NewJeans,2025-09-30,2025-10-13,13.0,50,50
OMG,NewJeans,2025-08-19,2025-10-13,55.0,44,41
Bubble Gum,NewJeans,2025-10-06,2025-10-14,8.0,48,50
You Were Beautiful,DAY6,2025-10-08,2025-10-14,6.0,49,38
London Boy,Lim Young Woong,2025-10-13,2025-10-15,2.0,45,45
T.B.H,QWER,2025-10-11,2025-10-15,4.0,49,47
Who (Funky Remix),Jimin,2025-10-14,2025-10-16,2.0,47,48
T.B.H,QWER,2025-10-15,2025-10-17,2.0,47,48
Ditto,NewJeans,2025-10-16,2025-10-18,2.0,50,39
ETA,NewJeans,2025-10-15,2025-10-18,3.0,50,50
Who (Beautiful Mind Remix),Jimin,2025-10-17,2025-10-19,2.0,43,44
Who (Funky Remix),Jimin,2025-10-17,2025-10-19,2.0,44,47
Who (Shibuyakei Remix),Jimin,2025-10-17,2025-10-19,2.0,38,39
double take,Dhruv,2025-10-09,2025-10-19,10.0,50,41
ETA,NewJeans,2025-10-18,2025-10-20,2.0,50,45
New Jeans,NewJeans,2025-08-19,2025-10-21,63.0,50,44
SPOT!,ZICO & JENNIE,2025-07-25,2025-10-21,88.0,47,45
Sticky,KISS OF LIFE,2025-10-19,2025-10-21,2.0,40,49
You Were Beautiful,DAY6,2025-10-19,2025-10-21,2.0,46,33
Do or Die,Lim Young Woong,2025-10-20,2025-10-22,2.0,43,46
Grain of Sand,Lim Young Woong,2025-10-20,2025-10-22,2.0,49,47
If I have you only (My love X Nerd Connection),Nerd Connection,2025-10-20,2025-10-22,2.0,47,50
NEMONEMO,YENA,2025-10-20,2025-10-22,2.0,50,48
Ditto,NewJeans,2025-10-18,2025-10-23,5.0,39,48
"How can I love the heartbreak, you're the one I love",AKMU,2025-10-22,2025-10-24,2.0,44,44
Pump Up The Volume!,PLAVE,2025-09-21,2025-10-24,33.0,47,47
double take,Dhruv,2025-10-22,2025-10-24,2.0,49,40
MEOW,MEOVV,2025-10-23,2025-10-25,2.0,47,45
NEMONEMO,YENA,2025-10-23,2025-10-25,2.0,44,50
WAY 4 LUV,PLAVE,2025-08-31,2025-10-25,55.0,48,47
ETA,NewJeans,2025-10-21,2025-10-26,5.0,42,43
You Were Beautiful,DAY6,2025-10-23,2025-10-26,3.0,46,49
Who (Beautiful Mind Remix),Jimin,2025-10-25,2025-10-27,2.0,42,46
Who (Funky Remix),Jimin,2025-10-25,2025-10-27,2.0,46,47
You Were Beautiful,DAY6,2025-10-26,2025-10-28,2.0,49,49
Warmth,Lim Young Woong,2025-10-26,2025-10-29,3.0,47,50
double take,Dhruv,2025-10-29,2025-10-31,2.0,49,49
Home,Lim Young Woong,2025-10-25,2025-11-01,7.0,49,50
Melt Down,DAY6,2025-10-30,2025-11-01,2.0,48,46
NEMONEMO,YENA,2025-10-28,2025-11-01,4.0,50,48
Warmth,Lim Young Woong,2025-10-29,2025-11-01,3.0,50,49
You Were Beautiful,DAY6,2025-10-29,2025-11-02,4.0,43,42
Do or Die,Lim Young Woong,2025-10-23,2025-11-03,11.0,49,45
Grain of Sand,Lim Young Woong,2025-10-22,2025-11-03,12.0,47,49
Who (Funky Remix),Jimin,2025-11-01,2025-11-03,2.0,42,50
Who (Beautiful Mind Remix),Jimin,2025-11-01,2025-11-04,3.0,43,48
Who (Instrumental),Jimin,2025-11-02,2025-11-04,2.0,50,47
Who (Shibuyakei Remix),Jimin,2025-11-02,2025-11-04,2.0,48,42
Ditto,NewJeans,2025-10-23,2025-11-05,13.0,48,48
ETA,NewJeans,2025-10-26,2025-11-05,10.0,43,47
Grain of Sand,Lim Young Woong,2025-11-03,2025-11-05,2.0,49,46
London Boy,Lim Young Woong,2025-10-18,2025-11-05,18.0,45,49
NEMONEMO,YENA,2025-11-03,2025-11-05,2.0,48,44
Who (Acoustic Remix),Jimin,2025-11-04,2025-11-06,2.0,40,36
Who (Beautiful Mind Remix),Jimin,2025-11-04,2025-11-06,2.0,48,41
Who (Funky Remix),Jimin,2025-11-04,2025-11-06,2.0,46,40
Who (Instrumental),Jimin,2025-11-04,2025-11-06,2.0,47,43
Who (Rock Remix),Jimin,2025-11-04,2025-11-06,2.0,39,35
Who (Shibuyakei Remix),Jimin,2025-11-04,2025-11-06,2.0,42,37
You Were Beautiful,DAY6,2025-11-05,2025-11-07,2.0,38,48
London Boy,Lim Young Woong,2025-11-05,2025-11-08,3.0,49,50
CROOKED,G-DRAGON,2025-11-05,2025-11-09,4.0,40,47
Melt Down,DAY6,2025-11-07,2025-11-10,3.0,50,42
That's What I Like,Bruno Mars,2024-06-21,2025-11-11,508.0,43,45
NEMONEMO,YENA,2025-11-06,2025-11-12,6.0,47,49
London Boy,Lim Young Woong,2025-11-09,2025-11-13,4.0,50,49
Touch,KATSEYE,2025-11-11,2025-11-15,4.0,39,50
London Boy,Lim Young Woong,2025-11-14,2025-11-16,2.0,49,50
"How can I love the heartbreak, you're the one I love",AKMU,2025-11-16,2025-11-18,2.0,48,49
Who (Instrumental),Jimin,2025-11-16,2025-11-18,2.0,40,50
Do or Die,Lim Young Woong,2025-11-16,2025-11-19,3.0,47,46
Drowning,WOODZ,2025-11-17,2025-11-19,2.0,49,49
London Boy,Lim Young Woong,2025-11-16,2025-11-19,3.0,50,50
Who (Beautiful Mind Remix),Jimin,2025-11-16,2025-11-20,4.0,41,45
Who (Funky Remix),Jimin,2025-11-17,2025-11-20,3.0,50,46
Who (Instrumental),Jimin,2025-11-18,2025-11-20,2.0,50,44
Who (Shibuyakei Remix),Jimin,2025-11-18,2025-11-20,2.0,48,41
Armageddon,aespa,2025-11-19,2025-11-21,2.0,41,50
Welcome to the Show,DAY6,2025-11-19,2025-11-21,2.0,38,47
CRAZY,LE SSERAFIM,2025-11-20,2025-11-22,2.0,39,45
Drowning,WOODZ,2025-11-19,2025-11-22,3.0,49,49
I will come to you,Jin,2025-11-21,2025-11-23,2.0,37,47
You Were Beautiful,DAY6,2025-11-20,2025-11-23,3.0,48,46
You Were Beautiful,DAY6,2025-11-23,2025-11-26,3.0,46,48
CROOKED,G-DRAGON,2025-11-10,2025-11-27,17.0,50,47
Tick-Tack,ILLIT,2025-11-24,2025-11-27,3.0,49,50
"무제(無題) (Untitled, 2014)",G-DRAGON,2025-11-05,2025-11-27,22.0,50,43
