song,artist,chart_appearance_days,best_chart_position,average_chart_position,average_popularity,total_chart_rows,album_type,is_explicit,album_cover_url,chart_presence_rate
Seven (feat. Latto) (Explicit Ver.),Jung Kook & Latto,109,1,1.0,98.30275229357798,109,single,True,https://i.scdn.co/image/ab67616d0000b273bf5cce5a0e1ed03a626bdd74,0.1963963963963964
Who,Jimin,129,1,1.0,92.7984496124031,129,album,False,https://i.scdn.co/image/ab67616d0000b273f02c451189a709b9a952aaec,0.23243243243243245
Seven (feat. Latto) (Explicit Ver.),Jung Kook & Latto & BTS,2,1,1.0,92.0,2,single,True,https://i.scdn.co/image/ab67616d0000b273bf5cce5a0e1ed03a626bdd74,0.0036036036036036037
Like Crazy,Jimin,554,1,6.680505415162455,89.21660649819495,554,single,False,https://i.scdn.co/image/ab67616d0000b2732b46078245d0120690eb560d,0.9981981981981982
Super Shy,NewJeans,409,1,25.337408312958434,87.41809290953545,409,single,False,https://i.scdn.co/image/ab67616d0000b2733d98a0ae7c78a3a9babaf8af,0.736936936936937
Magnetic,ILLIT,244,1,14.631147540983607,87.40983606557377,244,single,False,https://i.scdn.co/image/ab67616d0000b273f037c5fb9de6c78726cb8e2c,0.43963963963963965
Seven (feat. Latto) (Explicit Ver.),Jung Kook,385,1,2.9532467532467535,86.23896103896104,385,album,True,https://i.scdn.co/image/ab67616d0000b273741fd4807f442af3f7359316,0.6936936936936937
"Angel Pt. 1 (feat. Jimin of BTS, JVKE & Muni Long)",Fast & Furious: The Fast Saga & Jimin & BTS,217,1,13.603686635944701,82.07373271889401,217,single,False,https://i.scdn.co/image/ab67616d0000b273445afb6341d2685b959251cc,0.390990990990991
How Sweet,NewJeans,184,1,16.456521739130434,81.02173913043478,184,single,False,https://i.scdn.co/image/ab67616d0000b273b657fbb27b17e7bd4691c2b2,0.33153153153153153
Supernatural,NewJeans,157,1,13.617834394904458,79.71337579617834,157,single,False,https://i.scdn.co/image/ab67616d0000b2737e1eeb0d7cc374a168369c80,0.2828828828828829
Supernova,aespa,194,1,14.463917525773196,71.55154639175258,194,single,False,https://i.scdn.co/image/ab67616d0000b273ed3dee5d65ac33128324ecd2,0.34954954954954953
APT.,ROSÉ & Bruno Mars,39,2,2.4358974358974357,94.71794871794872,39,single,False,https://i.scdn.co/image/ab67616d0000b273f8c8297efc6022534f1357e1,0.07027027027027027
Smeraldo Garden Marching Band (feat. Loco),Jimin & Loco,20,2,2.0,89.5,20,single,False,https://i.scdn.co/image/ab67616d0000b27338881a83135ef5b4ace418ba,0.036036036036036036
UNFORGIVEN (feat. Nile Rodgers),LE SSERAFIM,103,2,23.689320388349515,87.77669902912622,103,album,False,https://i.scdn.co/image/ab67616d0000b273d71fd77b89d08bc1bda219c7,0.18558558558558558
Mantra,JENNIE,46,2,11.41304347826087,87.15217391304348,46,single,True,https://i.scdn.co/image/ab67616d0000b273a3775761df7db97cf6699e41,0.08288288288288288
I AM,IVE,159,2,22.132075471698112,86.41509433962264,159,album,False,https://i.scdn.co/image/ab67616d0000b27325ef3cec1eceefd4db2f91c8,0.2864864864864865
3D (feat. Jack Harlow),Jung Kook & Jack Harlow,112,2,5.017857142857143,84.63392857142857,112,single,True,https://i.scdn.co/image/ab67616d0000b273409a2d7bd4b2238e4aaa7bf5,0.2018018018018018
SPOT!,ZICO & JENNIE,87,2,19.32183908045977,83.82758620689656,87,single,False,https://i.scdn.co/image/ab67616d0000b2731b8ae147aceb9fc130391287,0.15675675675675677
Like Crazy (English Version),Jimin,429,2,4.296037296037296,82.1934731934732,429,single,False,https://i.scdn.co/image/ab67616d0000b2732b46078245d0120690eb560d,0.772972972972973
Closer Than This,Jimin,335,2,7.979104477611941,80.68656716417911,335,single,False,https://i.scdn.co/image/ab67616d0000b273e3dbc03f538633dbb40adf37,0.6036036036036037
Be Mine,Jimin,129,2,3.116279069767442,80.11627906976744,129,album,False,https://i.scdn.co/image/ab67616d0000b273f02c451189a709b9a952aaec,0.23243243243243245
Running Wild,Jin,11,2,4.0,74.9090909090909,11,single,False,https://i.scdn.co/image/ab67616d0000b2731dcf069284321bef1306d6ec,0.01981981981981982
SPOT!,ZICO,3,2,2.6666666666666665,73.33333333333333,3,single,False,https://i.scdn.co/image/ab67616d0000b2731b8ae147aceb9fc130391287,0.005405405405405406
HOME SWEET HOME (feat. TAEYANG & DAESUNG),G-DRAGON & TAEYANG & DAESUNG,4,2,4.25,63.75,4,single,False,https://i.scdn.co/image/ab67616d0000b273bcacb16531b21146ed9dc2a0,0.007207207207207207
Standing Next to You,Jung Kook,384,3,8.411458333333334,91.59375,384,album,False,https://i.scdn.co/image/ab67616d0000b273741fd4807f442af3f7359316,0.6918918918918919
Love Me Again,V,468,3,20.427350427350426,88.52350427350427,468,single,False,https://i.scdn.co/image/ab67616d0000b2732f1a5b69c2bd76474bca8035,0.8432432432432433
TOO MUCH,The Kid LAROI & Jung Kook & Central Cee,21,3,14.619047619047619,86.80952380952381,21,single,True,https://i.scdn.co/image/ab67616d0000b273389e41e5096b6112ce0e1008,0.03783783783783784
EASY,LE SSERAFIM,141,3,23.46808510638298,84.31205673758865,141,single,False,https://i.scdn.co/image/ab67616d0000b273110f5426b8c149e80804912a,0.25405405405405407
ETA,NewJeans,340,3,31.814705882352943,83.40294117647059,340,single,False,https://i.scdn.co/image/ab67616d0000b2730744690248ef3ba7b776ea7b,0.6126126126126126
Spicy,aespa,120,3,21.675,83.16666666666667,120,single,False,https://i.scdn.co/image/ab67616d0000b27304878afb19613a94d37b29ce,0.21621621621621623
New Jeans,NewJeans,280,3,31.214285714285715,81.675,280,single,False,https://i.scdn.co/image/ab67616d0000b2733d98a0ae7c78a3a9babaf8af,0.5045045045045045
3D (feat. Jack Harlow),Jung Kook,308,3,8.12987012987013,79.81168831168831,308,album,True,https://i.scdn.co/image/ab67616d0000b27399583bb32b47e87d55c6064b,0.554954954954955
Bubble Gum,NewJeans,128,3,22.8671875,77.8984375,128,single,False,https://i.scdn.co/image/ab67616d0000b273b657fbb27b17e7bd4691c2b2,0.23063063063063063
Whiplash,aespa,36,3,4.055555555555555,76.30555555555556,36,single,False,https://i.scdn.co/image/ab67616d0000b2736eb604294f8f58c9078f58b1,0.06486486486486487
Smeraldo Garden Marching Band (feat. Loco),Jimin,129,3,6.186046511627907,75.63565891472868,129,album,False,https://i.scdn.co/image/ab67616d0000b273f02c451189a709b9a952aaec,0.23243243243243245
POWER,G-DRAGON,26,3,8.692307692307692,71.8076923076923,26,single,False,https://i.scdn.co/image/ab67616d0000b273bca5394fa6d2809b261abf5c,0.04684684684684685
Slow Dancing,V,234,4,27.346153846153847,90.42735042735043,234,single,False,https://i.scdn.co/image/ab67616d0000b2738e504c5aedaae49a73ed4963,0.42162162162162165
Queencard,(G)I-DLE,119,4,19.51260504201681,87.70588235294117,119,single,False,https://i.scdn.co/image/ab67616d0000b27382dd2427e6d302711b1b9616,0.21441441441441442
Cool With You,NewJeans,86,4,20.767441860465116,86.96511627906976,86,single,False,https://i.scdn.co/image/ab67616d0000b2730744690248ef3ba7b776ea7b,0.15495495495495495
Timeless (with Playboi Carti),The Weeknd & Playboi Carti,12,4,32.0,86.91666666666667,12,single,True,https://i.scdn.co/image/ab67616d0000b273ee2fe4a7b285d3817b470859,0.021621621621621623
GODS,League of Legends & NewJeans,111,4,31.405405405405407,85.72972972972973,111,single,False,https://i.scdn.co/image/ab67616d0000b2738f735a689764b8b75174cfa2,0.2
Rainy Days,V,206,4,24.762135922330096,85.48058252427184,206,single,False,https://i.scdn.co/image/ab67616d0000b2732f1a5b69c2bd76474bca8035,0.37117117117117115
Set Me Free Pt.2,Jimin,429,4,6.256410256410256,81.1002331002331,429,single,True,https://i.scdn.co/image/ab67616d0000b2734f4ec2c2a865569bd4a067a4,0.772972972972973
You & Me,JENNIE,63,4,30.61904761904762,80.92063492063492,63,single,False,https://i.scdn.co/image/ab67616d0000b2738cd1023ed6ec97598937d55c,0.11351351351351352
UP - KARINA Solo,aespa,48,4,8.645833333333334,79.75,48,single,False,https://i.scdn.co/image/ab67616d0000b273253096eda3b7826c11c7fab8,0.08648648648648649
CRAZY,LE SSERAFIM,83,4,13.566265060240964,77.20481927710843,83,single,False,https://i.scdn.co/image/ab67616d0000b273485623bc41b6760fc1bca2f4,0.14954954954954955
Bam Yang Gang,BIBI,76,4,19.17105263157895,74.32894736842105,76,single,False,https://i.scdn.co/image/ab67616d0000b273c5543b3cce74f3edafcc8f59,0.13693693693693693
Armageddon,aespa,178,4,23.207865168539325,74.16292134831461,178,album,False,https://i.scdn.co/image/ab67616d0000b273090cfa22962b115ac530674c,0.3207207207207207
Right Now,NewJeans,57,4,23.57894736842105,74.0701754385965,57,single,False,https://i.scdn.co/image/ab67616d0000b2737e1eeb0d7cc374a168369c80,0.10270270270270271
Small girl (feat. D.O.),Lee Young Ji,93,4,25.838709677419356,73.27956989247312,93,single,False,https://i.scdn.co/image/ab67616d0000b273aa8e7da62fbfae5cb65f8e55,0.16756756756756758
HAPPY,DAY6,92,4,12.315217391304348,62.22826086956522,92,album,False,https://i.scdn.co/image/ab67616d0000b2730309970945710645006b9c9e,0.16576576576576577
You & Me (Coachella ver.),JENNIE,3,4,12.0,50.0,3,single,False,https://i.scdn.co/image/ab67616d0000b2738cd1023ed6ec97598937d55c,0.005405405405405406
3D (feat. Jack Harlow) (Alternate Ver.),Jung Kook & Jack Harlow,2,4,4.0,0.0,2,single,False,https://i.scdn.co/image/ab67616d0000b273409a2d7bd4b2238e4aaa7bf5,0.0036036036036036037
Take Two,BTS,155,5,27.651612903225807,89.3225806451613,155,single,False,https://i.scdn.co/image/ab67616d0000b2738a701e76e8845928f6cd81c8,0.27927927927927926
Face-off,Jimin,405,5,24.012345679012345,78.76543209876543,405,single,True,https://i.scdn.co/image/ab67616d0000b2732b46078245d0120690eb560d,0.7297297297297297
Alone,Jimin,407,5,22.675675675675677,77.98525798525799,407,single,False,https://i.scdn.co/image/ab67616d0000b2732b46078245d0120690eb560d,0.7333333333333333
"Angel Pt. 2 (feat. Jimin of BTS, Charlie Puth and Muni Long)",Fast & Furious: The Fast Saga & Jimin & BTS,65,5,30.815384615384616,73.12307692307692,65,single,False,https://i.scdn.co/image/ab67616d0000b273be4afaf12bdbcfd17d95f22b,0.11711711711711711
3D (Alternate Ver.),Jung Kook & Jack Harlow,20,5,24.0,68.05,20,single,False,https://i.scdn.co/image/ab67616d0000b273409a2d7bd4b2238e4aaa7bf5,0.036036036036036036
London Boy,Lim Young Woong,521,5,20.531669865642993,64.20537428023033,521,single,False,https://i.scdn.co/image/ab67616d0000b2732d2009b6cad53ddacad11334,0.9387387387387387
I'll Be There,Jin,25,6,12.36,86.4,25,single,False,https://i.scdn.co/image/ab67616d0000b273ca460fa4699d9890f44f4df9,0.04504504504504504
Left and Right (Feat. Jung Kook of BTS),Charlie Puth,226,6,24.42920353982301,83.83185840707965,226,album,False,https://i.scdn.co/image/ab67616d0000b27335d2e0ed94a934f2cc46fa49,0.4072072072072072
Love wins all,IU,84,6,25.69047619047619,80.47619047619048,84,single,False,https://i.scdn.co/image/ab67616d0000b273b79a12d47af18d1d83a5caf9,0.15135135135135136
Sticky,KISS OF LIFE,109,6,17.788990825688074,79.59633027522936,109,single,False,https://i.scdn.co/image/ab67616d0000b2734cd7f69b85766b3d3035c27c,0.1963963963963964
Slow Dance (feat. Sofia Carson),Jimin,129,6,11.813953488372093,76.01550387596899,129,album,False,https://i.scdn.co/image/ab67616d0000b273f02c451189a709b9a952aaec,0.23243243243243245
Do or Die,Lim Young Woong,389,6,16.874035989717225,65.69665809768638,389,single,False,https://i.scdn.co/image/ab67616d0000b273831b4a8eb3bd16788dca633a,0.7009009009009008
アイドル,YOASOBI,118,7,23.906779661016948,89.27118644067797,118,single,False,https://i.scdn.co/image/ab67616d0000b273b7d6ca50bf766ad72226290c,0.2126126126126126
Yes or No,Jung Kook,180,7,23.02777777777778,85.65,180,album,False,https://i.scdn.co/image/ab67616d0000b273741fd4807f442af3f7359316,0.32432432432432434
ASAP,NewJeans,44,7,20.295454545454547,85.1590909090909,44,single,False,https://i.scdn.co/image/ab67616d0000b2730744690248ef3ba7b776ea7b,0.07927927927927927
Interlude : Dive,Jimin,364,7,28.145604395604394,77.10989010989012,364,single,False,https://i.scdn.co/image/ab67616d0000b2732b46078245d0120690eb560d,0.6558558558558558
Rebirth (Intro),Jimin,129,7,12.356589147286822,75.0,129,album,False,https://i.scdn.co/image/ab67616d0000b273f02c451189a709b9a952aaec,0.23243243243243245
DIE 4 YOU,DEAN,28,7,31.785714285714285,71.57142857142857,28,single,False,https://i.scdn.co/image/ab67616d0000b273692556455950f562b344ab69,0.05045045045045045
Grain of Sand,Lim Young Woong,516,7,19.393410852713178,65.15503875968992,516,single,False,https://i.scdn.co/image/ab67616d0000b273111a6e9b713b646443c5c222,0.9297297297297298
I’ll Be There,Jin,7,7,7.714285714285714,60.285714285714285,7,album,False,https://i.scdn.co/image/ab67616d0000b2730aa3d58774384527afb5df53,0.012612612612612612
"Angel Pt. 1 (feat. Jimin of BTS, JVKE & Muni Long)",Fast & Furious: The Fast Saga,1,7,7.0,27.0,1,compilation,False,https://i.scdn.co/image/ab67616d0000b273b569c6198ef340c5595f63d8,0.0018018018018018018
Still With You,Jung Kook,109,8,23.174311926605505,86.29357798165138,109,single,False,https://i.scdn.co/image/ab67616d0000b273a7f42c375578df426b37638d,0.1963963963963964
Get Up,NewJeans,38,8,20.68421052631579,85.63157894736842,38,single,False,https://i.scdn.co/image/ab67616d0000b2730744690248ef3ba7b776ea7b,0.06846846846846846
Hate You,Jung Kook,138,8,35.731884057971016,83.42753623188406,138,album,False,https://i.scdn.co/image/ab67616d0000b273741fd4807f442af3f7359316,0.24864864864864866
number one girl,ROSÉ,4,8,8.75,76.75,4,single,False,https://i.scdn.co/image/ab67616d0000b273f0382a125bb499dff48fc9fe,0.007207207207207207
"Steal The Show - From ""Elemental""",Lauv,105,8,27.6,76.61904761904762,105,single,False,https://i.scdn.co/image/ab67616d0000b27322bbb2bd9c0d6bec5057d535,0.1891891891891892
plot twist,TWS,131,8,23.893129770992367,75.33587786259542,131,single,False,https://i.scdn.co/image/ab67616d0000b2739aaa57e6ba6ea9060e087ce7,0.23603603603603604
Love Lee,AKMU,82,8,20.414634146341463,75.08536585365853,82,single,False,https://i.scdn.co/image/ab67616d0000b273417974f327c63d9e042d8387,0.14774774774774774
Interlude : Showtime,Jimin,129,8,18.356589147286822,73.43410852713178,129,album,False,https://i.scdn.co/image/ab67616d0000b273f02c451189a709b9a952aaec,0.23243243243243245
Love 119,RIIZE,107,8,26.345794392523363,70.38317757009345,107,single,False,https://i.scdn.co/image/ab67616d0000b273bf6bbf06e9043fd0ce306d5a,0.1927927927927928
MEOW,MEOVV,48,8,24.4375,69.83333333333333,48,single,False,https://i.scdn.co/image/ab67616d0000b27320260d9635be6b2acbeb2f21,0.08648648648648649
Cherish (My Love),ILLIT,36,8,14.61111111111111,66.97222222222223,36,single,False,https://i.scdn.co/image/ab67616d0000b273fc2fffae3025fbc540b98f34,0.06486486486486487
Siren,RIIZE,32,8,26.75,65.4375,32,single,False,https://i.scdn.co/image/ab67616d0000b2739a705e5176594834ff52ca04,0.05765765765765766
Lost and Found,KingLee & Lil' Flip,3,8,14.333333333333334,59.333333333333336,3,single,True,https://i.scdn.co/image/ab67616d0000b273a7d4b25864eb074831afc0e9,0.005405405405405406
My Name is Malguem,QWER,64,8,20.234375,58.625,64,single,False,https://i.scdn.co/image/ab67616d0000b273df409319f6111210ada8cf35,0.11531531531531532
Vancouver 2,BIG Naughty,17,8,25.88235294117647,49.64705882352941,17,single,False,https://i.scdn.co/image/ab67616d0000b27360bcc9a42eb38acddf5d6468,0.03063063063063063
Standing Next to You - Sped Up - Remix,Beat Record,1,8,8.0,0.0,1,album,True,https://i.scdn.co/image/ab67616d0000b2737f1e7657db33ae105e3c647c,0.0018018018018018018
All I Want for Christmas Is You,Mariah Carey,12,9,26.166666666666668,99.75,12,album,False,https://i.scdn.co/image/ab67616d0000b2734246e3158421f5abb75abc4f,0.021621621621621623
Fortnight (feat. Post Malone),Taylor Swift,43,9,24.767441860465116,93.97674418604652,43,album,False,https://i.scdn.co/image/ab67616d0000b2735076e4160d018e378f488c33,0.07747747747747748
FRI(END)S,V,120,9,29.566666666666666,89.825,120,single,False,https://i.scdn.co/image/ab67616d0000b273377ee031d0a3da40db19ccf4,0.21621621621621623
Never Let Go,Jung Kook,88,9,23.204545454545453,86.69318181818181,88,single,False,https://i.scdn.co/image/ab67616d0000b273083f5a45d93b57cb65a97b83,0.15855855855855855
Perfect Night,LE SSERAFIM,277,9,24.093862815884478,85.5956678700361,277,single,False,https://i.scdn.co/image/ab67616d0000b2735e352f6eccf8cb96d0b247cc,0.4990990990990991
SHEESH,BABYMONSTER,91,9,22.494505494505493,85.26373626373626,91,single,False,https://i.scdn.co/image/ab67616d0000b2734f6afc385052250c766a5683,0.16396396396396395
"Eve, Psyche & The Bluebeard’s wife",LE SSERAFIM,131,9,25.404580152671755,84.03053435114504,131,album,False,https://i.scdn.co/image/ab67616d0000b273d71fd77b89d08bc1bda219c7,0.23603603603603604
Please Don't Change (feat. DJ Snake),Jung Kook,102,9,36.26470588235294,83.86274509803921,102,album,False,https://i.scdn.co/image/ab67616d0000b273741fd4807f442af3f7359316,0.1837837837837838
Seven (feat. Latto) (Instrumental),Jung Kook & Latto,20,9,28.1,80.2,20,single,False,https://i.scdn.co/image/ab67616d0000b273bf5cce5a0e1ed03a626bdd74,0.036036036036036036
Midas Touch,KISS OF LIFE,78,9,27.653846153846153,79.5,78,single,False,https://i.scdn.co/image/ab67616d0000b27307568782625b85282541394b,0.14054054054054055
Kitsch,IVE,92,9,28.065217391304348,79.3804347826087,92,album,False,https://i.scdn.co/image/ab67616d0000b27325ef3cec1eceefd4db2f91c8,0.16576576576576577
Smart,LE SSERAFIM,117,9,24.188034188034187,77.25641025641026,117,single,False,https://i.scdn.co/image/ab67616d0000b273110f5426b8c149e80804912a,0.21081081081081082
Fate,(G)I-DLE,97,9,23.97938144329897,72.48453608247422,97,album,False,https://i.scdn.co/image/ab67616d0000b27342281601a5a3f882ea77741e,0.17477477477477477
High Note,KingLee & Code G,2,9,9.0,65.0,2,single,True,https://i.scdn.co/image/ab67616d0000b2734eeb5c0a55dc0c44e5978351,0.0036036036036036037
HEYA,IVE,61,9,20.508196721311474,61.721311475409834,61,single,False,https://i.scdn.co/image/ab67616d0000b2739c4f13260bd0cbfdfe6bbc61,0.10990990990990991
3D (feat. Jack Harlow) (Instrumental),Jung Kook & Jack Harlow,11,9,28.09090909090909,50.81818181818182,11,single,False,https://i.scdn.co/image/ab67616d0000b273409a2d7bd4b2238e4aaa7bf5,0.01981981981981982
Cupid - Twin Ver.,FIFTY FIFTY,65,10,25.26153846153846,98.21538461538462,65,single,False,https://i.scdn.co/image/ab67616d0000b27337c0b3670236c067c8e8bbcb,0.11711711711711711
Die With A Smile,Lady Gaga & Bruno Mars,103,10,17.25242718446602,96.80582524271844,103,single,False,https://i.scdn.co/image/ab67616d0000b27382ea2e9e1858aa012c57cd45,0.18558558558558558
OMG,NewJeans,317,10,31.993690851735014,86.28391167192429,317,single,False,https://i.scdn.co/image/ab67616d0000b273d70036292d54f29e8b68ec01,0.5711711711711712
Dreamers [Music from the FIFA World Cup Qatar 2022 Official Soundtrack],Jung Kook & BTS,161,10,22.142857142857142,84.7888198757764,161,single,False,https://i.scdn.co/image/ab67616d0000b273ef57183066d6cac0cabb85c6,0.29009009009009007
For Us,V,71,10,26.577464788732396,84.28169014084507,71,single,False,https://i.scdn.co/image/ab67616d0000b2738e504c5aedaae49a73ed4963,0.12792792792792793
Blue,V,67,10,26.925373134328357,84.14925373134328,67,single,False,https://i.scdn.co/image/ab67616d0000b2738e504c5aedaae49a73ed4963,0.12072072072072072
Closer to You (feat. Major Lazer),Jung Kook,60,10,33.25,82.98333333333333,60,album,False,https://i.scdn.co/image/ab67616d0000b273741fd4807f442af3f7359316,0.10810810810810811
Too Sad to Dance,Jung Kook,43,10,29.906976744186046,81.95348837209302,43,album,False,https://i.scdn.co/image/ab67616d0000b273741fd4807f442af3f7359316,0.07747747747747748
Baddie,IVE,62,10,31.93548387096774,78.40322580645162,62,single,False,https://i.scdn.co/image/ab67616d0000b2734d00ac692bae6ce08d2b49ad,0.11171171171171171
Either Way,IVE,38,10,21.236842105263158,76.86842105263158,38,single,False,https://i.scdn.co/image/ab67616d0000b2739013c729c55c91dad5906adc,0.06846846846846846
Fast Forward,JEON SOMI,76,10,21.63157894736842,73.1842105263158,76,single,False,https://i.scdn.co/image/ab67616d0000b273c8f053fb33434f99e195e90f,0.13693693693693693
"Angel Pt. 1 (feat. Jimin of BTS, JVKE & Muni Long) - Trailer Version",Fast & Furious: The Fast Saga & Jimin & BTS,87,10,27.080459770114942,71.55172413793103,87,single,False,https://i.scdn.co/image/ab67616d0000b273146ea147ce8c185e71b3b84e,0.15675675675675677
Supersonic,fromis_9,105,10,17.847619047619048,71.05714285714286,105,single,False,https://i.scdn.co/image/ab67616d0000b2730490e8ab48790ca6e5add267,0.1891891891891892
Polaroid,Lim Young Woong,508,10,24.511811023622048,62.11417322834646,508,single,False,https://i.scdn.co/image/ab67616d0000b2732d2009b6cad53ddacad11334,0.9153153153153153
T.B.H,QWER,155,10,27.838709677419356,61.30967741935484,155,single,False,https://i.scdn.co/image/ab67616d0000b2738a0ed896193a7c70ae17b30e,0.27927927927927926
Espresso,Sabrina Carpenter,176,11,27.988636363636363,96.44886363636364,176,single,True,https://i.scdn.co/image/ab67616d0000b273659cd4673230913b3918e0d5,0.3171171171171171
Santa Tell Me,Ariana Grande,11,11,27.09090909090909,95.9090909090909,11,single,False,https://i.scdn.co/image/ab67616d0000b273a1db745e63940bc06985dea5,0.01981981981981982
Somebody,Jung Kook,62,11,34.983870967741936,82.5,62,album,False,https://i.scdn.co/image/ab67616d0000b273741fd4807f442af3f7359316,0.11171171171171171
Holssi,IU,30,11,30.733333333333334,67.83333333333333,30,single,False,https://i.scdn.co/image/ab67616d0000b2735048ed32fafe7b9a50d0e410,0.05405405405405406
Impossible,RIIZE,40,11,26.65,64.225,40,single,False,https://i.scdn.co/image/ab67616d0000b273a6821d337117c8f69235080a,0.07207207207207207
Melt Down,DAY6,66,11,31.37878787878788,63.07575757575758,66,album,False,https://i.scdn.co/image/ab67616d0000b273d746b397d3dd7ddd4d462065,0.11891891891891893
Warmth,Lim Young Woong,195,11,22.584615384615386,62.723076923076924,195,single,False,https://i.scdn.co/image/ab67616d0000b273744791c0e707946a832baa13,0.35135135135135137
LUNCH,Billie Eilish,29,12,27.379310344827587,92.20689655172414,29,album,False,https://i.scdn.co/image/ab67616d0000b27371d62ea7ea8a5be92d3c1f62,0.05225225225225225
MILLION DOLLAR BABY,Tommy Richman,118,12,26.550847457627118,90.77966101694915,118,single,False,https://i.scdn.co/image/ab67616d0000b273ce31aff39a003828576d3930,0.2126126126126126
Ditto,NewJeans,374,12,33.43850267379679,84.05882352941177,374,single,False,https://i.scdn.co/image/ab67616d0000b273edf5b257be1d6593e81bb45f,0.6738738738738739
Seven (feat. Latto) (Instrumental),Jung Kook & Latto & BTS,2,12,12.0,78.0,2,single,False,https://i.scdn.co/image/ab67616d0000b273bf5cce5a0e1ed03a626bdd74,0.0036036036036036037
NIGHT DANCER,imase,48,12,28.729166666666668,76.875,48,album,False,https://i.scdn.co/image/ab67616d0000b2734b062591b6a5c15652dd2bb5,0.08648648648648649
DRIP,BABYMONSTER,24,12,18.333333333333332,76.25,24,album,False,https://i.scdn.co/image/ab67616d0000b273119800c5fc88785ee3ed1524,0.043243243243243246
To. X,TAEYEON,155,12,24.09032258064516,74.76774193548387,155,single,False,https://i.scdn.co/image/ab67616d0000b273ed4dcfaf5f63938ecd6c4d59,0.27927927927927926
Seven (feat. Latto) (Summer Mix),Jung Kook & Latto,6,12,25.666666666666668,72.66666666666667,6,single,False,https://i.scdn.co/image/ab67616d0000b273570b23ab8c94e857562ed8bc,0.010810810810810811
Broken Melodies,NCT DREAM,12,12,33.416666666666664,66.58333333333333,12,single,False,https://i.scdn.co/image/ab67616d0000b273c56ad1f03ab69a8a447d509c,0.021621621621621623
Boom Boom Bass,RIIZE,95,12,32.43157894736842,65.33684210526316,95,album,False,https://i.scdn.co/image/ab67616d0000b27369ad639dd6829cb2414a53f9,0.17117117117117117
Home,Lim Young Woong,191,12,23.24607329842932,62.63350785340314,191,single,False,https://i.scdn.co/image/ab67616d0000b273744791c0e707946a832baa13,0.3441441441441441
If We Ever Meet Again,Lim Young Woong,503,12,28.743538767395627,60.139165009940356,503,album,False,https://i.scdn.co/image/ab67616d0000b2738f116e476da669a9a3e7dcaa,0.9063063063063063
Travel Again (Feat. Cautious Clay),Beenzino,10,12,28.4,51.7,10,album,True,https://i.scdn.co/image/ab67616d0000b273ec4d37775e78943aa8bfe275,0.018018018018018018
HYAENA,Travis Scott,2,12,24.5,42.5,2,album,True,https://i.scdn.co/image/ab67616d0000b273881d8d8378cd01099babcd44,0.0036036036036036037
"yes, and?",Ariana Grande,43,13,30.651162790697676,92.46511627906976,43,single,True,https://i.scdn.co/image/ab67616d0000b2736b0b6e20fdb1ee07de7e92d6,0.07747747747747748
Last Christmas - Single Version,Wham!,8,13,28.375,89.0,8,album,False,https://i.scdn.co/image/ab67616d0000b2734b68569ae3fdd6fcd0f98615,0.014414414414414415
Paint The Town Red,Doja Cat,65,13,26.923076923076923,87.83076923076923,65,single,True,https://i.scdn.co/image/ab67616d0000b2737acee948ecac8380c1b6ce30,0.11711711711711711
Super,SEVENTEEN,79,13,30.164556962025316,87.54430379746836,79,single,False,https://i.scdn.co/image/ab67616d0000b27380e31ba0c05187e6310ef264,0.14234234234234233
Slow Dancing (Piano Ver.),V,60,13,25.216666666666665,85.53333333333333,60,single,False,https://i.scdn.co/image/ab67616d0000b2738e504c5aedaae49a73ed4963,0.10810810810810811
ALL RED,Playboi Carti,3,13,32.333333333333336,83.66666666666667,3,single,True,https://i.scdn.co/image/ab67616d0000b273ca15942c726ec9c39796435e,0.005405405405405406
Shot Glass of Tears,Jung Kook,44,13,32.72727272727273,83.02272727272727,44,album,False,https://i.scdn.co/image/ab67616d0000b273741fd4807f442af3f7359316,0.07927927927927927
"LOVE, MONEY, FAME (feat. DJ Khaled)",SEVENTEEN,15,13,27.066666666666666,74.73333333333333,15,single,False,https://i.scdn.co/image/ab67616d0000b273cb657e50a77865fe66d700bf,0.02702702702702703
Get A Guitar,RIIZE,189,13,33.592592592592595,69.56084656084656,189,single,False,https://i.scdn.co/image/ab67616d0000b27308f9aed64208e0f8d9e10f0e,0.34054054054054056
Pump Up The Volume!,PLAVE,40,13,34.875,63.875,40,single,False,https://i.scdn.co/image/ab67616d0000b2730521b4efcb4432ca54cf2baa,0.07207207207207207
How Sweet (Instrumental),NewJeans,5,13,25.4,60.8,5,single,False,https://i.scdn.co/image/ab67616d0000b273b657fbb27b17e7bd4691c2b2,0.009009009009009009
Young Man,HYUKOH & 落日飛車 Sunset Rollercoaster,9,13,33.333333333333336,47.888888888888886,9,single,False,https://i.scdn.co/image/ab67616d0000b273256f32745141a9c436bf8be5,0.016216216216216217
Snowman,Sia,10,14,30.0,94.0,10,album,False,https://i.scdn.co/image/ab67616d0000b273d1410c1372fab1e516328fa8,0.018018018018018018
wherever u r (ft. V of BTS),UMI & V,70,14,28.257142857142856,86.1,70,single,False,https://i.scdn.co/image/ab67616d0000b27348bcaf5d476b6cb7c6277a7d,0.12612612612612611
Drama,aespa,223,14,29.713004484304932,84.21973094170404,223,album,False,https://i.scdn.co/image/ab67616d0000b273c54e39f2ae0dd10731f93c08,0.4018018018018018
Igloo,KISS OF LIFE,33,14,21.96969696969697,76.75757575757575,33,single,False,https://i.scdn.co/image/ab67616d0000b27315175a3af8eb08dbc8c77a31,0.05945945945945946
MAESTRO,SEVENTEEN,13,14,33.23076923076923,76.6923076923077,13,album,False,https://i.scdn.co/image/ab67616d0000b2736c498180e56f57e7d7bcdb86,0.023423423423423424
People Pt.2 (feat. IU),Agust D,144,14,25.243055555555557,76.61111111111111,144,album,False,https://i.scdn.co/image/ab67616d0000b273fa9247b68471b82d2125651e,0.2594594594594595
"Yes or No (Feat. 허윤진 of LE SSERAFIM, Crush)",GroovyRoom & HUH YUNJIN,53,14,29.50943396226415,73.28301886792453,53,single,False,https://i.scdn.co/image/ab67616d0000b273ac0c2f69fceb64ff0abeb4b5,0.09549549549549549
踊り子,Vaundy,85,14,33.61176470588235,70.50588235294117,85,album,False,https://i.scdn.co/image/ab67616d0000b2738d88fae79a837318aadcc056,0.15315315315315314
Girls Never Die,tripleS,46,14,29.130434782608695,68.45652173913044,46,album,False,https://i.scdn.co/image/ab67616d0000b273c55d34ae350a6aec5652473f,0.08288288288288288
Rainbow,Lim Young Woong,404,14,35.289603960396036,58.91831683168317,404,album,False,https://i.scdn.co/image/ab67616d0000b2738f116e476da669a9a3e7dcaa,0.7279279279279279
JEALOUSYVALHALLA,YANGHONGWON,6,14,32.333333333333336,44.333333333333336,6,album,False,https://i.scdn.co/image/ab67616d0000b273e6afcaf89f82b98a86815f01,0.010810810810810811
BIRDS OF A FEATHER,Billie Eilish,185,15,29.52972972972973,97.48648648648648,185,album,False,https://i.scdn.co/image/ab67616d0000b27371d62ea7ea8a5be92d3c1f62,0.3333333333333333
we can't be friends (wait for your love),Ariana Grande,59,15,28.54237288135593,93.66101694915254,59,album,False,https://i.scdn.co/image/ab67616d0000b2738b58d20f1b77295730db15b4,0.1063063063063063
Cupid,FIFTY FIFTY,52,15,26.134615384615383,87.76923076923077,52,single,False,https://i.scdn.co/image/ab67616d0000b27337c0b3670236c067c8e8bbcb,0.0936936936936937
Hype Boy,NewJeans,321,15,33.626168224299064,82.57009345794393,321,single,False,https://i.scdn.co/image/ab67616d0000b2739d28fd01859073a3ae6ea209,0.5783783783783784
Dancing In The Flames,The Weeknd,7,15,36.285714285714285,82.0,7,single,False,https://i.scdn.co/image/ab67616d0000b273f0e9b93cadbeb4d0227a59eb,0.012612612612612612
Standing Next to You (Usher Remix),Jung Kook & USHER,57,15,24.36842105263158,79.17543859649123,57,single,False,https://i.scdn.co/image/ab67616d0000b273e63b562af5fe4f5f48938556,0.10270270270270271
Swan Song,LE SSERAFIM,23,15,27.17391304347826,77.26086956521739,23,single,False,https://i.scdn.co/image/ab67616d0000b273110f5426b8c149e80804912a,0.04144144144144144
Shopper,IU,17,15,33.35294117647059,68.76470588235294,17,single,False,https://i.scdn.co/image/ab67616d0000b2735048ed32fafe7b9a50d0e410,0.03063063063063063
Set The Tone,aespa,5,15,27.6,60.8,5,album,False,https://i.scdn.co/image/ab67616d0000b273090cfa22962b115ac530674c,0.009009009009009009
Please Please Please,Sabrina Carpenter,56,16,35.285714285714285,94.75,56,single,True,https://i.scdn.co/image/ab67616d0000b273de84adf0e48248ea2d769c3e,0.1009009009009009
New Woman (feat. ROSALÍA),LISA & ROSALÍA,29,16,29.448275862068964,86.44827586206897,29,single,False,https://i.scdn.co/image/ab67616d0000b2737c451a4f06288da6edf050c1,0.05225225225225225
S-Class,Stray Kids,31,16,33.41935483870968,84.87096774193549,31,album,False,https://i.scdn.co/image/ab67616d0000b273d8025c5b4c1f01c69ebdc935,0.055855855855855854
My You,Jung Kook,30,16,33.166666666666664,84.6,30,single,False,https://i.scdn.co/image/ab67616d0000b2733c036f2042fc3567248c116d,0.05405405405405406
Touch,KATSEYE,78,16,32.08974358974359,83.56410256410257,78,single,False,https://i.scdn.co/image/ab67616d0000b2737e76c17cfbc723800452a24f,0.14054054054054055
Christmas Tree,V,72,16,33.625,83.20833333333333,72,single,False,https://i.scdn.co/image/ab67616d0000b2738764ebc69bd91a01cc3948a2,0.12972972972972974
Seven (feat. Latto) (Band Ver.),Jung Kook & Latto,10,16,33.6,74.5,10,single,False,https://i.scdn.co/image/ab67616d0000b273570b23ab8c94e857562ed8bc,0.018018018018018018
"Yes or No (Feat. HUH YUNJIN of LE SSERAFIM, Crush)",GroovyRoom,13,16,22.76923076923077,64.76923076923077,13,single,False,https://i.scdn.co/image/ab67616d0000b273ac0c2f69fceb64ff0abeb4b5,0.023423423423423424
Who (Rock Remix),Jimin,101,16,35.118811881188115,64.32673267326733,101,album,False,https://i.scdn.co/image/ab67616d0000b273f150d9f2e5e8148e5032fd7d,0.18198198198198198
"Our Blues, Our Life",Lim Young Woong,362,16,37.00828729281768,59.04419889502763,362,album,False,https://i.scdn.co/image/ab67616d0000b2738f116e476da669a9a3e7dcaa,0.6522522522522523
Jealousyvalhalla,YANGHONGWON,5,16,29.0,35.4,5,single,False,https://i.scdn.co/image/ab67616d0000b27361facfe52663791e0c9c4ff1,0.009009009009009009
FLOWER,JISOO,44,17,30.15909090909091,85.27272727272727,44,single,False,https://i.scdn.co/image/ab67616d0000b273f35b8a6c03cc633f734bd8ac,0.07927927927927927
Lilith (feat. SUGA of BTS) (Diablo IV Anthem),Halsey & SUGA,80,17,37.2875,83.3375,80,single,True,https://i.scdn.co/image/ab67616d0000b273f19310c007c0fad365b0542e,0.14414414414414414
Thirsty,aespa,47,17,34.40425531914894,76.85106382978724,47,single,False,https://i.scdn.co/image/ab67616d0000b27304878afb19613a94d37b29ce,0.08468468468468468
Allergy,(G)I-DLE,25,17,35.44,75.48,25,single,False,https://i.scdn.co/image/ab67616d0000b27382dd2427e6d302711b1b9616,0.04504504504504504
Who (Instrumental),Jimin,90,17,38.51111111111111,62.68888888888889,90,album,False,https://i.scdn.co/image/ab67616d0000b273f150d9f2e5e8148e5032fd7d,0.16216216216216217
Seven (feat. Latto) (Alesso Remix),Jung Kook & Latto,8,17,26.625,59.5,8,single,True,https://i.scdn.co/image/ab67616d0000b2731f9db1e2f1d8705812883368,0.014414414414414415
Monet,Beenzino,8,17,36.0,49.25,8,album,True,https://i.scdn.co/image/ab67616d0000b273ec4d37775e78943aa8bfe275,0.014414414414414415
Supernatural (Instrumental),NewJeans,6,17,31.0,45.5,6,single,False,https://i.scdn.co/image/ab67616d0000b2737e1eeb0d7cc374a168369c80,0.010810810810810811
Supernova,aespa & Grimes & Flava D,1,17,17.0,0.0,1,single,False,https://i.scdn.co/image/ab67616d0000b27311b2619b6939eff2c1dc144f,0.0018018018018018018
The Planet,BTS,41,18,33.34146341463415,87.51219512195122,41,single,False,https://i.scdn.co/image/ab67616d0000b273fa552453b3762dc1dba6729f,0.07387387387387387
Underneath the Tree,Kelly Clarkson,4,18,24.25,86.0,4,album,False,https://i.scdn.co/image/ab67616d0000b273f54a315f1d2445791fe601a7,0.007207207207207207
STARS,Kanye West & Ty Dolla $ign,2,18,31.0,82.5,2,album,True,https://i.scdn.co/image/ab67616d0000b2735f4d67e6c3d62045e72d3775,0.0036036036036036037
"Smoke (Prod. Dynamicduo, Padi)",Various Artists,46,18,31.891304347826086,71.08695652173913,46,single,False,https://i.scdn.co/image/ab67616d0000b2734c0f17fbae890e66fe861b29,0.08288288288288288
Cosmic,Red Velvet,25,18,31.04,69.8,25,single,False,https://i.scdn.co/image/ab67616d0000b27364097227a67397e231047524,0.04504504504504504
God of Music,SEVENTEEN,11,18,33.18181818181818,64.0909090909091,11,album,False,https://i.scdn.co/image/ab67616d0000b273d07a54abba4f5060c2486e3c,0.01981981981981982
Who (Acoustic Remix),Jimin,97,18,35.41237113402062,63.876288659793815,97,album,False,https://i.scdn.co/image/ab67616d0000b273f150d9f2e5e8148e5032fd7d,0.17477477477477477
Fry’s Dream,AKMU,53,18,32.943396226415096,62.18867924528302,53,single,False,https://i.scdn.co/image/ab67616d0000b273417974f327c63d9e042d8387,0.09549549549549549
A bientot,Lim Young Woong,281,18,36.8220640569395,58.77224199288256,281,album,False,https://i.scdn.co/image/ab67616d0000b2738f116e476da669a9a3e7dcaa,0.5063063063063064
990 (Feat. Kim Ximya),Beenzino,5,18,29.8,46.4,5,album,True,https://i.scdn.co/image/ab67616d0000b273ec4d37775e78943aa8bfe275,0.009009009009009009
Neva Play (feat. RM of BTS),Megan Thee Stallion & RM,15,19,28.0,83.13333333333334,15,single,True,https://i.scdn.co/image/ab67616d0000b27397f8107c251479168c7d87db,0.02702702702702703
Love You With All My Heart,Crush,34,19,35.05882352941177,77.55882352941177,34,single,False,https://i.scdn.co/image/ab67616d0000b2737533b658892e7b8dcfdaecb7,0.06126126126126126
Off The Record,IVE,28,19,32.214285714285715,73.07142857142857,28,single,False,https://i.scdn.co/image/ab67616d0000b273e5cc60bec326c779d17ee76e,0.05045045045045045
The First Snow,EXO,15,19,30.266666666666666,71.33333333333333,15,single,False,https://i.scdn.co/image/ab67616d0000b273e444ada7c81e08734f0e20b9,0.02702702702702703
FIELD TRIP,¥$ & Kanye West & Ty Dolla $ign,9,19,28.88888888888889,68.88888888888889,9,album,True,https://i.scdn.co/image/ab67616d0000b273b323e81b41c797a4784abc02,0.016216216216216217
Nice Guy,BOYNEXTDOOR,20,19,34.55,66.3,20,album,False,https://i.scdn.co/image/ab67616d0000b27381909c1add057c602193daab,0.036036036036036036
"Shh.. (Feat. HYEIN, WONSUN JOE & Special Narr. Patti Kim)",IU,4,19,23.75,58.0,4,single,False,https://i.scdn.co/image/ab67616d0000b2735048ed32fafe7b9a50d0e410,0.007207207207207207
Beautiful Things,Benson Boone,85,20,28.941176470588236,93.69411764705882,85,single,False,https://i.scdn.co/image/ab67616d0000b273f2a919d3fa0f2b2593c92d19,0.15315315315315314
DASH,NMIXX,55,20,32.0,77.78181818181818,55,album,False,https://i.scdn.co/image/ab67616d0000b27381d97a31253b898bc4149195,0.0990990990990991
With you,Jimin & HA SUNG WOON,22,20,35.40909090909091,76.04545454545455,22,single,False,https://i.scdn.co/image/ab67616d0000b273d90bd8b97e49216c00e55d18,0.03963963963963964
Wife,(G)I-DLE,37,20,35.648648648648646,72.1891891891892,37,single,False,https://i.scdn.co/image/ab67616d0000b27320f991e95301877ab21155a0,0.06666666666666667
Who (Shibuyakei Remix),Jimin,89,20,39.19101123595506,63.51685393258427,89,album,False,https://i.scdn.co/image/ab67616d0000b27382601539d4a27061ad90eacb,0.16036036036036036
Who (Beautiful Mind Remix),Jimin,78,20,40.53846153846154,63.14102564102564,78,album,False,https://i.scdn.co/image/ab67616d0000b27382601539d4a27061ad90eacb,0.14054054054054055
luther (with sza),Kendrick Lamar,3,20,21.0,58.0,3,album,False,https://i.scdn.co/image/ab67616d0000b27309d6ed214f03fbb663e46531,0.005405405405405406
AK47,Men's Tear & 뷰티풀너드,24,20,33.916666666666664,50.208333333333336,24,single,False,https://i.scdn.co/image/ab67616d0000b27394d322915405d5a2ad954773,0.043243243243243246
Every Moment With You,JAESSBEE,8,20,30.75,46.0,8,single,False,https://i.scdn.co/image/ab67616d0000b273732c97e6153efc730ed4dc67,0.014414414414414415
In Bed/Makgulli,Beenzino,4,20,28.25,45.75,4,album,True,https://i.scdn.co/image/ab67616d0000b273ec4d37775e78943aa8bfe275,0.007207207207207207
Rockin' Around The Christmas Tree,Brenda Lee,4,21,26.0,98.0,4,album,False,https://i.scdn.co/image/ab67616d0000b2737845f74d6db14b400fa61cd3,0.007207207207207207
vampire,Olivia Rodrigo,38,21,39.39473684210526,96.5,38,single,True,https://i.scdn.co/image/ab67616d0000b2731e5e75dc1d878a0007cb6525,0.06846846846846846
Moonlit Floor,LISA,8,21,29.625,87.5,8,single,False,https://i.scdn.co/image/ab67616d0000b2735a039ed450d3e9a5caaf7818,0.014414414414414415
Standing Next to You (USHER Remix),Jung Kook & USHER,15,21,34.6,82.86666666666666,15,single,False,https://i.scdn.co/image/ab67616d0000b273c9912de0a8a9a44b450318e4,0.02702702702702703
Deja Vu,TOMORROW X TOGETHER,28,21,32.857142857142854,82.21428571428571,28,album,False,https://i.scdn.co/image/ab67616d0000b27303c996028737858321d2ffe0,0.05045045045045045
i wonder... (with Jung Kook of BTS),j-hope,14,21,38.0,77.42857142857143,14,single,False,https://i.scdn.co/image/ab67616d0000b273c38c67ad56a314ba5669242d,0.025225225225225224
Lucky Girl Syndrome,ILLIT,57,21,33.280701754385966,75.71929824561404,57,single,False,https://i.scdn.co/image/ab67616d0000b273f037c5fb9de6c78726cb8e2c,0.10270270270270271
Come back to me,RM,6,21,31.0,72.5,6,single,False,https://i.scdn.co/image/ab67616d0000b27331f74add453e0b95176905c3,0.010810810810810811
"Earth, Wind & Fire",BOYNEXTDOOR,25,21,34.44,70.52,25,album,False,https://i.scdn.co/image/ab67616d0000b273991e46e8843796184d9606d7,0.04504504504504504
Pierrot,LE SSERAFIM,4,21,28.75,68.25,4,single,False,https://i.scdn.co/image/ab67616d0000b273485623bc41b6760fc1bca2f4,0.007207207207207207
See that?,NMIXX,24,21,34.041666666666664,64.625,24,single,False,https://i.scdn.co/image/ab67616d0000b273c9c9aaadb2d6d3d44be06332,0.043243243243243246
Heart on the Window (with WENDY),Jin,11,21,25.181818181818183,61.45454545454545,11,single,False,https://i.scdn.co/image/ab67616d0000b2731dcf069284321bef1306d6ec,0.01981981981981982
3D (Justin Timberlake Remix),Jung Kook & Justin Timberlake,6,21,32.5,60.833333333333336,6,single,False,https://i.scdn.co/image/ab67616d0000b27322e565596578ef0adbf5eaf1,0.010810810810810811
Kill It,aespa,4,21,32.75,55.0,4,single,False,https://i.scdn.co/image/ab67616d0000b2736eb604294f8f58c9078f58b1,0.007207207207207207
THANK GOD,Travis Scott,2,21,34.0,42.0,2,album,True,https://i.scdn.co/image/ab67616d0000b273881d8d8378cd01099babcd44,0.0036036036036036037
Cruel Summer,Taylor Swift,250,22,39.82,97.404,250,album,False,https://i.scdn.co/image/ab67616d0000b273e787cffec20aa2a396a61647,0.45045045045045046
CARNIVAL,Kanye West & Ty Dolla $ign,3,22,26.0,85.66666666666667,3,album,True,https://i.scdn.co/image/ab67616d0000b2735f4d67e6c3d62045e72d3775,0.005405405405405406
Winter Bear,V,12,22,30.083333333333332,68.66666666666667,12,single,False,https://i.scdn.co/image/ab67616d0000b273fdd911dc550c527e1725dbd4,0.021621621621621623
Smoothie,NCT DREAM,11,22,32.72727272727273,67.27272727272727,11,single,False,https://i.scdn.co/image/ab67616d0000b273d005a1842f60a0242ee43be7,0.01981981981981982
Welcome to the Show,DAY6,97,22,35.07216494845361,59.68041237113402,97,album,False,https://i.scdn.co/image/ab67616d0000b2730309970945710645006b9c9e,0.17477477477477477
Letter To Myself,TAEYEON,4,22,35.0,59.0,4,single,False,https://i.scdn.co/image/ab67616d0000b273fd445ee11837be20675f313a,0.007207207207207207
SLIDE,¥$ & Kanye West & Ty Dolla $ign,3,22,32.0,47.0,3,album,True,https://i.scdn.co/image/ab67616d0000b273b323e81b41c797a4784abc02,0.005405405405405406
ENGLAND,YANGHONGWON,4,22,28.5,42.0,4,album,False,https://i.scdn.co/image/ab67616d0000b273e6afcaf89f82b98a86815f01,0.007207207207207207
Bite Me,ENHYPEN,23,23,42.869565217391305,84.91304347826087,23,single,False,https://i.scdn.co/image/ab67616d0000b2731d03b5e88cee6870778a4d27,0.04144144144144144
BACK TO ME,Kanye West & Ty Dolla $ign,2,23,34.0,82.0,2,album,True,https://i.scdn.co/image/ab67616d0000b2735f4d67e6c3d62045e72d3775,0.0036036036036036037
Mourning,Post Malone,3,23,37.333333333333336,75.66666666666667,3,single,True,https://i.scdn.co/image/ab67616d0000b2736e9e05bbdd7988ae66e0b898,0.005405405405405406
Scenery,V,12,23,30.0,67.41666666666667,12,single,False,https://i.scdn.co/image/ab67616d0000b27356aba220ff2940e92ff15168,0.021621621621621623
Who (Funky Remix),Jimin,82,23,40.09756097560975,63.19512195121951,82,album,False,https://i.scdn.co/image/ab67616d0000b27382601539d4a27061ad90eacb,0.14774774774774774
Baggy Jeans,NCT,24,23,37.541666666666664,61.291666666666664,24,album,False,https://i.scdn.co/image/ab67616d0000b2730723ae056bdcdb6d2872a13f,0.043243243243243246
Another Level,Jin,11,23,33.27272727272727,60.90909090909091,11,single,False,https://i.scdn.co/image/ab67616d0000b2731dcf069284321bef1306d6ec,0.01981981981981982
Fact Check,NCT 127,9,23,37.22222222222222,60.77777777777778,9,album,False,https://i.scdn.co/image/ab67616d0000b273e9fc95cc1d0fba3d48ce2d39,0.016216216216216217
Coca Cola Red (Feat. oygli),Beenzino,5,23,34.2,46.0,5,album,True,https://i.scdn.co/image/ab67616d0000b273ec4d37775e78943aa8bfe275,0.009009009009009009
Seven (David Guetta Remix),Jung Kook & Latto & David Guetta,4,23,26.5,44.5,4,single,True,https://i.scdn.co/image/ab67616d0000b27373e9b16ea59c2f0a97b40262,0.007207207207207207
MODERN JAM,Travis Scott,2,23,32.0,41.5,2,album,True,https://i.scdn.co/image/ab67616d0000b273881d8d8378cd01099babcd44,0.0036036036036036037
Not Like Us,Kendrick Lamar,53,24,39.77358490566038,95.9245283018868,53,single,True,https://i.scdn.co/image/ab67616d0000b2731ea0c62b2339cbf493a999ad,0.09549549549549549
Moonlit Floor (Kiss Me),LISA,9,24,35.0,89.22222222222223,9,single,False,https://i.scdn.co/image/ab67616d0000b2735a039ed450d3e9a5caaf7818,0.016216216216216217
Super Tuna,Jin,8,24,30.75,83.625,8,single,False,https://i.scdn.co/image/ab67616d0000b273426039da9d5c0bb49a77bb09,0.014414414414414415
CARNIVAL,¥$ & Kanye West & Ty Dolla $ign,14,24,42.142857142857146,80.85714285714286,14,single,True,https://i.scdn.co/image/ab67616d0000b2732ccf2a6bc975e1169492f9e9,0.025225225225225224
KEYS TO MY LIFE,Kanye West & Ty Dolla $ign,1,24,24.0,79.0,1,album,True,https://i.scdn.co/image/ab67616d0000b2735f4d67e6c3d62045e72d3775,0.0018018018018018018
SOS,KANGDANIEL,49,24,32.48979591836735,73.40816326530613,49,single,False,https://i.scdn.co/image/ab67616d0000b273ebeb309fccee27f14e2e5aa9,0.08828828828828829
Midnight Fiction,ILLIT,17,24,32.64705882352941,73.3529411764706,17,single,False,https://i.scdn.co/image/ab67616d0000b273f037c5fb9de6c78726cb8e2c,0.03063063063063063
Memories,RIIZE,43,24,42.04651162790697,73.30232558139535,43,single,False,https://i.scdn.co/image/ab67616d0000b273de06b9790ac6c49ff680cf70,0.07747747747747748
FRI(END)S (Instrumental),V,8,24,29.25,72.375,8,single,False,https://i.scdn.co/image/ab67616d0000b273377ee031d0a3da40db19ccf4,0.014414414414414415
Christmas Love,Jimin,29,24,39.310344827586206,69.72413793103448,29,single,False,https://i.scdn.co/image/ab67616d0000b2736102fbfee73db153a32d02ab,0.05225225225225225
ISTJ,NCT DREAM,7,24,38.57142857142857,66.14285714285714,7,album,False,https://i.scdn.co/image/ab67616d0000b273a1ee973dde5ec47914ebc0e1,0.012612612612612612
Falling,Jin,11,24,34.09090909090909,60.18181818181818,11,single,False,https://i.scdn.co/image/ab67616d0000b2731dcf069284321bef1306d6ec,0.01981981981981982
I Love You,Lim Young Woong,150,24,37.5,58.64,150,album,False,https://i.scdn.co/image/ab67616d0000b2738f116e476da669a9a3e7dcaa,0.2702702702702703
Haegeum,Agust D,149,25,39.19463087248322,86.87919463087249,149,album,False,https://i.scdn.co/image/ab67616d0000b273fa9247b68471b82d2125651e,0.26846846846846845
Cupido,Engel Montaz & Kuv507 & Latinnites Music,4,25,37.75,69.0,4,single,False,https://i.scdn.co/image/ab67616d0000b273f479022fee7b6da16c9408a7,0.007207207207207207
We got so much,LE SSERAFIM,4,25,37.0,68.75,4,single,False,https://i.scdn.co/image/ab67616d0000b273110f5426b8c149e80804912a,0.007207207207207207
Snow Flower (feat. Peakboy),V,12,25,32.583333333333336,67.75,12,single,False,https://i.scdn.co/image/ab67616d0000b273df865c096835a346702f555a,0.021621621621621623
I will come to you,Jin,10,25,35.7,61.0,10,single,False,https://i.scdn.co/image/ab67616d0000b2731dcf069284321bef1306d6ec,0.018018018018018018
A Psalm of Life,Lim Young Woong,121,25,36.8099173553719,59.1900826446281,121,album,False,https://i.scdn.co/image/ab67616d0000b2738f116e476da669a9a3e7dcaa,0.218018018018018
Dangerous,BOYNEXTDOOR,12,25,36.75,59.166666666666664,12,single,False,https://i.scdn.co/image/ab67616d0000b2737fb98b1d769149e4b172f791,0.021621621621621623
Lovely Touch,Lim Young Woong,119,25,37.89915966386555,58.57142857142857,119,album,False,https://i.scdn.co/image/ab67616d0000b2738f116e476da669a9a3e7dcaa,0.21441441441441442
Time of Our Life -Japanese ver.- - Japanese ver.,DAY6,102,25,37.254901960784316,55.38235294117647,102,single,False,https://i.scdn.co/image/ab67616d0000b2732ecc00c9a71f5d72ce87958e,0.1837837837837838
I stan U,IU,4,25,31.25,55.0,4,single,False,https://i.scdn.co/image/ab67616d0000b2735048ed32fafe7b9a50d0e410,0.007207207207207207
Steady,NCT WISH,5,25,36.0,53.6,5,album,False,https://i.scdn.co/image/ab67616d0000b273c99bd52214b854b01f533aed,0.009009009009009009
squabble up,Kendrick Lamar,3,26,39.666666666666664,83.66666666666667,3,album,True,https://i.scdn.co/image/ab67616d0000b273d9985092cd88bffd97653b58,0.005405405405405406
Attention,NewJeans,151,26,37.29801324503311,82.33112582781457,151,single,False,https://i.scdn.co/image/ab67616d0000b2739d28fd01859073a3ae6ea209,0.27207207207207207
TALKING,Kanye West & Ty Dolla $ign,1,26,26.0,78.0,1,album,True,https://i.scdn.co/image/ab67616d0000b2735f4d67e6c3d62045e72d3775,0.0018018018018018018
ANTIFRAGILE,LE SSERAFIM,50,26,35.12,77.4,50,album,False,https://i.scdn.co/image/ab67616d0000b273d71fd77b89d08bc1bda219c7,0.09009009009009009
Sudden Shower,ECLIPSE,77,26,36.57142857142857,77.01298701298701,77,single,False,https://i.scdn.co/image/ab67616d0000b273921b098ead845a5456339f8a,0.13873873873873874
Sugarcoat (NATTY Solo),KISS OF LIFE,17,26,38.705882352941174,73.6470588235294,17,single,False,https://i.scdn.co/image/ab67616d0000b2732ff7c76b0790cd3ad63cfc0c,0.03063063063063063
FRI(END)S (Sped Up),V,8,26,29.125,71.875,8,single,False,https://i.scdn.co/image/ab67616d0000b273377ee031d0a3da40db19ccf4,0.014414414414414415
1-800-hot-n-fun,LE SSERAFIM,8,26,37.75,71.125,8,single,False,https://i.scdn.co/image/ab67616d0000b273485623bc41b6760fc1bca2f4,0.014414414414414415
You Were Beautiful,DAY6,60,26,42.88333333333333,64.66666666666667,60,album,False,https://i.scdn.co/image/ab67616d0000b273877b49fcef4d02bb0bc0adc8,0.10810810810810811
Talk Saxy,RIIZE,22,26,43.90909090909091,63.77272727272727,22,single,False,https://i.scdn.co/image/ab67616d0000b2738b2347cfc60cddd4836e5e01,0.03963963963963964
ABCD,NAYEON,26,26,36.03846153846154,60.88461538461539,26,album,False,https://i.scdn.co/image/ab67616d0000b2735c202994e981619ccf69784e,0.04684684684684685
HERO,Lim Young Woong,111,26,37.972972972972975,58.52252252252252,111,single,False,https://i.scdn.co/image/ab67616d0000b27320b05d0ab75d4c27f1e4bbd6,0.2
FE!N,Travis Scott,3,26,33.333333333333336,57.0,3,album,True,https://i.scdn.co/image/ab67616d0000b273881d8d8378cd01099babcd44,0.005405405405405406
Stay With Me (Feat. Skinny Brown),ASH ISLAND,3,26,36.666666666666664,49.0,3,single,False,https://i.scdn.co/image/ab67616d0000b27374303e36490fd2dbef3607bc,0.005405405405405406
All Or Nothing,J Money & KingLee,2,26,28.0,48.5,2,single,True,https://i.scdn.co/image/ab67616d0000b273a95d741009762c6c425cf4a6,0.0036036036036036037
24YB (Intro),YANGHONGWON,3,26,30.333333333333332,41.333333333333336,3,album,False,https://i.scdn.co/image/ab67616d0000b273e6afcaf89f82b98a86815f01,0.005405405405405406
It's Beginning to Look a Lot like Christmas,Michael Bublé,4,27,33.25,87.0,4,album,False,https://i.scdn.co/image/ab67616d0000b2732ead7786631d8dd3b59be4f0,0.007207207207207207
The Astronaut,Jin,6,27,34.5,82.5,6,single,False,https://i.scdn.co/image/ab67616d0000b27343aaff780ea621da5ce4eb0a,0.010810810810810811
Runaway,Kanye West,11,27,35.63636363636363,81.0,11,album,True,https://i.scdn.co/image/ab67616d0000b273d9194aa18fa4c9362b47464f,0.01981981981981982
"Darling, I (feat. Teezo Touchdown)","Tyler, The Creator",2,27,37.0,79.0,2,album,True,https://i.scdn.co/image/ab67616d0000b273232374a6a869e62826f3f1f7,0.0036036036036036037
PAID,Kanye West & Ty Dolla $ign,1,27,27.0,79.0,1,album,True,https://i.scdn.co/image/ab67616d0000b2735f4d67e6c3d62045e72d3775,0.0018018018018018018
Walk,NCT 127,10,27,35.9,62.1,10,album,False,https://i.scdn.co/image/ab67616d0000b27364ca26ed20cc290fc4f20bab,0.018018018018018018
Sexy In The Air,TAEMIN,11,27,40.09090909090909,55.36363636363637,11,single,False,https://i.scdn.co/image/ab67616d0000b273f2dff4b6f58682692c0b0beb,0.01981981981981982
She Smiled,DAY6,5,27,32.8,53.0,5,album,False,https://i.scdn.co/image/ab67616d0000b273d746b397d3dd7ddd4d462065,0.009009009009009009
Lemon,Beenzino,3,27,31.666666666666668,43.0,3,album,True,https://i.scdn.co/image/ab67616d0000b273ec4d37775e78943aa8bfe275,0.005405405405405406
ROLEX,YANGHONGWON,2,27,34.0,42.0,2,single,False,https://i.scdn.co/image/ab67616d0000b27359428c3d15801bc652f790d6,0.0036036036036036037
STUPID IN LOVE (feat. HUH YUNJIN of LE SSERAFIM),MAX,31,28,42.03225806451613,73.3225806451613,31,album,False,https://i.scdn.co/image/ab67616d0000b27337f62ce76087421834446ccd,0.055855855855855854
Chill Kill,Red Velvet,17,28,38.705882352941174,72.23529411764706,17,album,False,https://i.scdn.co/image/ab67616d0000b27307e2cf9023db855b41f3d26e,0.03063063063063063
FRI(END)S (Slowed Down),V,8,28,30.375,71.625,8,single,False,https://i.scdn.co/image/ab67616d0000b273377ee031d0a3da40db19ccf4,0.014414414414414415
VIBE (feat. Jimin of BTS),TAEYANG,69,28,38.65217391304348,70.31884057971014,69,album,False,https://i.scdn.co/image/ab67616d0000b27346313223adf2b6d726388328,0.12432432432432433
Chk Chk Boom,Stray Kids,17,28,40.35294117647059,64.23529411764706,17,album,False,https://i.scdn.co/image/ab67616d0000b27351700837cdbc6adddb88560a,0.03063063063063063
Love Always Run Away,Lim Young Woong,134,28,39.91044776119403,59.54477611940298,134,single,False,https://i.scdn.co/image/ab67616d0000b273e56f69fd58795fbbcbc919f2,0.24144144144144145
Father,Lim Young Woong,106,28,39.54716981132076,58.716981132075475,106,album,False,https://i.scdn.co/image/ab67616d0000b2738f116e476da669a9a3e7dcaa,0.19099099099099098
Like A Fool (Feat. Y2K92),Beenzino,4,28,36.75,43.75,4,album,True,https://i.scdn.co/image/ab67616d0000b273ec4d37775e78943aa8bfe275,0.007207207207207207
3D (feat. Jack Harlow) (MK Remix),Jung Kook & Jack Harlow & MK,4,28,30.25,30.0,4,single,True,https://i.scdn.co/image/ab67616d0000b27370ddf54a36039489124cfb97,0.007207207207207207
Taste,Sabrina Carpenter,25,29,38.68,93.0,25,album,False,https://i.scdn.co/image/ab67616d0000b273208dc3669313f2c5114c612d,0.04504504504504504
The Tortured Poets Department,Taylor Swift,3,29,32.0,83.0,3,album,True,https://i.scdn.co/image/ab67616d0000b2735076e4160d018e378f488c33,0.005405405405405406
My World,ILLIT,15,29,34.8,72.06666666666666,15,single,False,https://i.scdn.co/image/ab67616d0000b273f037c5fb9de6c78726cb8e2c,0.02702702702702703
Lose My Breath (Feat. Charlie Puth),Stray Kids & Charlie Puth,1,29,29.0,71.0,1,single,False,https://i.scdn.co/image/ab67616d0000b2735ba0dedb513880cf318f15cb,0.0018018018018018018
Little Light,DOYOUNG,8,29,40.375,66.625,8,album,False,https://i.scdn.co/image/ab67616d0000b273c9718133b45cf5b97cd91d38,0.014414414414414415
Mine,aespa,2,29,37.5,59.5,2,album,False,https://i.scdn.co/image/ab67616d0000b273090cfa22962b115ac530674c,0.0036036036036036037
Rumble,KingLee,1,29,29.0,51.0,1,single,True,https://i.scdn.co/image/ab67616d0000b273933cd91072109ea32e76e456,0.0018018018018018018
GOSLOW,YANGHONGWON,3,29,30.666666666666668,40.333333333333336,3,album,False,https://i.scdn.co/image/ab67616d0000b273e6afcaf89f82b98a86815f01,0.005405405405405406
Let It Snow! Let It Snow! Let It Snow!,Dean Martin,3,30,31.0,95.0,3,album,False,https://i.scdn.co/image/ab67616d0000b2736d88028a85c771f37374c8ea,0.005405405405405406
After LIKE,IVE,48,30,39.041666666666664,84.27083333333333,48,single,False,https://i.scdn.co/image/ab67616d0000b27387f53da5fb4ab1171766b2d5,0.08648648648648649
double take,Dhruv,31,30,45.064516129032256,82.09677419354838,31,album,False,https://i.scdn.co/image/ab67616d0000b2736f04e53cb5309f8e88286842,0.055855855855855854
St. Chroma (feat. Daniel Caesar),"Tyler, The Creator",2,30,32.5,81.0,2,album,True,https://i.scdn.co/image/ab67616d0000b273232374a6a869e62826f3f1f7,0.0036036036036036037
Here With Me,d4vd,50,30,38.78,78.96,50,single,False,https://i.scdn.co/image/ab67616d0000b273c4ddcc23f630f4c2728a5255,0.09009009009009009
Better Things,aespa,32,30,43.3125,76.4375,32,single,False,https://i.scdn.co/image/ab67616d0000b27340157e24ffc34938be2b5341,0.05765765765765766
Spring Snow,10CM,22,30,39.22727272727273,74.31818181818181,22,single,False,https://i.scdn.co/image/ab67616d0000b273dae4a1ab4a717a3341a47ff6,0.03963963963963964
Licorice,aespa,3,30,37.0,59.666666666666664,3,album,False,https://i.scdn.co/image/ab67616d0000b273090cfa22962b115ac530674c,0.005405405405405406
Skrr (feat. GISELLE),HAON,5,30,32.6,55.4,5,single,False,https://i.scdn.co/image/ab67616d0000b2730ab54ce9be8cc71deb33343f,0.009009009009009009
녹아내려요 Melt Down,DAY6,2,30,35.0,55.0,2,single,False,https://i.scdn.co/image/ab67616d0000b27342e0fe9e101c705fe7edf5a2,0.0036036036036036037
Let's Say Goodbye,Parc Jae Jung,78,30,39.57692307692308,53.93589743589744,78,album,False,https://i.scdn.co/image/ab67616d0000b273473a5032790129fd7421c80e,0.14054054054054055
青い珊瑚礁,Seiko Matsuda,11,30,37.09090909090909,52.81818181818182,11,album,False,https://i.scdn.co/image/ab67616d0000b273e17f9ba29e61f30bbf6cf8bd,0.01981981981981982
Monster,DAY6,3,30,38.666666666666664,51.666666666666664,3,album,False,https://i.scdn.co/image/ab67616d0000b273d746b397d3dd7ddd4d462065,0.005405405405405406
"BY COLOR, WHITE COLOR (Feat. KOVV)",YANGHONGWON,3,30,37.0,39.333333333333336,3,album,False,https://i.scdn.co/image/ab67616d0000b273e6afcaf89f82b98a86815f01,0.005405405405405406
My Love Mine All Mine,Mitski,81,31,43.80246913580247,98.0,81,album,False,https://i.scdn.co/image/ab67616d0000b27334f21d3047d85440dfa37f10,0.14594594594594595
I Had Some Help (Feat. Morgan Wallen),Post Malone & Morgan Wallen,9,31,40.44444444444444,89.44444444444444,9,single,True,https://i.scdn.co/image/ab67616d0000b27397306976e3eb8aad53b754eb,0.016216216216216217
Sunflower - Spider-Man: Into the Spider-Verse,Post Malone,23,31,41.73913043478261,88.08695652173913,23,album,False,https://i.scdn.co/image/ab67616d0000b2739478c87599550dd73bfa7e02,0.04144144144144144
Rockstar,LISA,19,31,38.36842105263158,88.0,19,single,True,https://i.scdn.co/image/ab67616d0000b27397265410628ab7f94a380c9d,0.03423423423423423
FUK SUMN,Kanye West & Ty Dolla $ign,1,31,31.0,80.0,1,album,True,https://i.scdn.co/image/ab67616d0000b2735f4d67e6c3d62045e72d3775,0.0018018018018018018
Sweet Night,V,23,31,42.391304347826086,79.91304347826087,23,single,False,https://i.scdn.co/image/ab67616d0000b273ea012d09e9a7a6b48adf3f3d,0.04144144144144144
Promise,Jimin,35,31,42.57142857142857,77.08571428571429,35,single,False,https://i.scdn.co/image/ab67616d0000b27321d21c44fa7a2495c37ce088,0.06306306306306306
Filter,BTS,7,31,42.42857142857143,74.42857142857143,7,album,False,https://i.scdn.co/image/ab67616d0000b273505190077497c230422f2934,0.012612612612612612
Don't Look Back in Anger - Remastered,Oasis,5,31,37.4,73.6,5,album,False,https://i.scdn.co/image/ab67616d0000b27385e5dcc05cc216a10f141480,0.009009009009009009
NEMONEMO,YENA,24,31,44.208333333333336,66.66666666666667,24,single,False,https://i.scdn.co/image/ab67616d0000b27376bc371b60413094c51f41ae,0.043243243243243246
But Sometimes,BOYNEXTDOOR,19,31,41.1578947368421,66.63157894736842,19,single,False,https://i.scdn.co/image/ab67616d0000b27358ba8c8fcad9be87f72e2afe,0.03423423423423423
Cheers to youth,SEVENTEEN,3,31,39.333333333333336,63.333333333333336,3,album,False,https://i.scdn.co/image/ab67616d0000b2736c498180e56f57e7d7bcdb86,0.005405405405405406
Candy (Feat. Zion.T),Jay Park,7,31,44.42857142857143,61.0,7,single,False,https://i.scdn.co/image/ab67616d0000b273d8df83317fa02082450c3147,0.012612612612612612
If I have you only (My love X Nerd Connection),Nerd Connection,56,31,42.875,53.642857142857146,56,single,False,https://i.scdn.co/image/ab67616d0000b27320daf4f9c25cbe0bc384e606,0.1009009009009009
Stinky Kiss (Intro),Beenzino,2,31,31.0,43.5,2,album,True,https://i.scdn.co/image/ab67616d0000b273ec4d37775e78943aa8bfe275,0.0036036036036036037
Armageddon,aespa & Grimes & Flava D,2,31,33.5,18.0,2,single,False,https://i.scdn.co/image/ab67616d0000b27311b2619b6939eff2c1dc144f,0.0036036036036036037
Jingle Bell Rock,Bobby Helms,3,32,33.0,94.0,3,single,False,https://i.scdn.co/image/ab67616d0000b273fd56f3c7a294f5cfe51c7b17,0.005405405405405406
Super Lady,(G)I-DLE,14,32,39.42857142857143,78.07142857142857,14,album,False,https://i.scdn.co/image/ab67616d0000b27342281601a5a3f882ea77741e,0.025225225225225224
愛を伝えたいだとか,Aimyon,34,32,38.970588235294116,69.44117647058823,34,album,False,https://i.scdn.co/image/ab67616d0000b27333c05e1d08fec494a30bd240,0.06126126126126126
"If I’m S, Can You Be My N?",TWS,21,32,38.42857142857143,67.19047619047619,21,single,False,https://i.scdn.co/image/ab67616d0000b2732e4ddd32aafbc7c986100a3b,0.03783783783783784
Love Letter,Lim Young Woong,75,32,42.64,58.36,75,album,False,https://i.scdn.co/image/ab67616d0000b2738f116e476da669a9a3e7dcaa,0.13513513513513514
Horizon,TAEMIN,2,32,34.0,53.5,2,single,False,https://i.scdn.co/image/ab67616d0000b273f2dff4b6f58682692c0b0beb,0.0036036036036036037
Well…?,YANGHONGWON,3,32,35.333333333333336,40.0,3,album,False,https://i.scdn.co/image/ab67616d0000b273e6afcaf89f82b98a86815f01,0.005405405405405406
No Boss (Feat. Dok2),E SENS,1,32,32.0,38.0,1,album,False,https://i.scdn.co/image/ab67616d0000b273a1b5984b009eb28b35034efb,0.0018018018018018018
Down Bad,Taylor Swift,5,33,39.4,83.6,5,album,True,https://i.scdn.co/image/ab67616d0000b2735076e4160d018e378f488c33,0.009009009009009009
Like Crazy (Deep House Remix),Jimin,28,33,42.57142857142857,71.46428571428571,28,single,False,https://i.scdn.co/image/ab67616d0000b273f9638e7ed5b7d42e9c514195,0.05045045045045045
Lie,BTS,1,33,33.0,70.0,1,album,False,https://i.scdn.co/image/ab67616d0000b2738bd5d941f9ced8e7f9c60dd4,0.0018018018018018018
Vancouver,BIG Naughty,9,33,42.0,58.55555555555556,9,single,False,https://i.scdn.co/image/ab67616d0000b273f9607048dfb6b1915026be72,0.016216216216216217
PROMOTION,¥$ & Kanye West & Ty Dolla $ign,3,33,35.0,47.0,3,album,True,https://i.scdn.co/image/ab67616d0000b273b323e81b41c797a4784abc02,0.005405405405405406
MY EYES,Travis Scott,2,33,41.0,41.5,2,album,True,https://i.scdn.co/image/ab67616d0000b273881d8d8378cd01099babcd44,0.0036036036036036037
Citi+,YANGHONGWON,1,33,33.0,40.0,1,single,False,https://i.scdn.co/image/ab67616d0000b273f1abd8afa8fa93a39bd1c6bb,0.0018018018018018018
SAHARA,YANGHONGWON,2,33,33.5,38.5,2,album,False,https://i.scdn.co/image/ab67616d0000b273e6afcaf89f82b98a86815f01,0.0036036036036036037
"Boys Like Girls (Feat. Gist, Jayci yucca)",Leellamarz,5,33,37.8,26.2,5,album,False,https://i.scdn.co/image/ab67616d0000b273bdf76a44dc455027cf9b6076,0.009009009009009009
Bling-Bang-Bang-Born,Creepy Nuts,43,34,42.69767441860465,90.4186046511628,43,single,False,https://i.scdn.co/image/ab67616d0000b2733f6de9c0ca2148edf20daa6b,0.07747747747747748
bye,Ariana Grande,5,34,40.4,83.0,5,album,False,https://i.scdn.co/image/ab67616d0000b2738b58d20f1b77295730db15b4,0.009009009009009009
Stay Alive (Prod. SUGA of BTS),Jung Kook,13,34,39.30769230769231,82.3076923076923,13,single,False,https://i.scdn.co/image/ab67616d0000b2738916a2bb404bed6755f2bbbd,0.023423423423423424
NEURON (with Gaeko & YOON MIRAE),j-hope,6,34,40.833333333333336,78.66666666666667,6,single,False,https://i.scdn.co/image/ab67616d0000b273c38c67ad56a314ba5669242d,0.010810810810810811
"How can I love the heartbreak, you're the one I love",AKMU,33,34,42.09090909090909,61.21212121212121,33,album,False,https://i.scdn.co/image/ab67616d0000b273d41cdd1f3e033a0ea1642112,0.05945945945945946
Why?,PLAVE,5,34,42.0,54.2,5,single,False,https://i.scdn.co/image/ab67616d0000b273867ce456b595f274603b5aa2,0.009009009009009009
MELTDOWN,Travis Scott,2,34,38.5,42.0,2,album,True,https://i.scdn.co/image/ab67616d0000b273881d8d8378cd01099babcd44,0.0036036036036036037
Demon,$ecrecy,1,34,34.0,38.0,1,album,True,https://i.scdn.co/image/ab67616d0000b273a998bc8b6b02ab7207eeb5ef,0.0018018018018018018
Mistletoe,Justin Bieber,3,35,35.666666666666664,92.0,3,album,False,https://i.scdn.co/image/ab67616d0000b273af0aff7f601df9ed6d2d531d,0.005405405405405406
Guess featuring Billie Eilish,Charli xcx & Billie Eilish,8,35,42.75,88.375,8,single,False,https://i.scdn.co/image/ab67616d0000b2738b8d8be49f9c4a44b0574144,0.014414414414414415
LOST!,RM,7,35,40.714285714285715,80.0,7,album,True,https://i.scdn.co/image/ab67616d0000b2737093cd0ee6043740f73e54d9,0.012612612612612612
Welcome To MY World (feat. nævis),aespa,8,35,42.375,77.0,8,single,False,https://i.scdn.co/image/ab67616d0000b273220771be23654c95cf787349,0.014414414414414415
Roller Coaster,NMIXX,15,35,42.266666666666666,74.6,15,single,False,https://i.scdn.co/image/ab67616d0000b27389eb0434891ac969895cbba8,0.02702702702702703
Serendipity - Full Length Edition,BTS,1,35,35.0,72.0,1,album,False,https://i.scdn.co/image/ab67616d0000b2733825e6d4d02e4b4c0cec7e1d,0.0018018018018018018
Like Crazy (UK Garage Remix),Jimin,25,35,43.92,71.28,25,single,False,https://i.scdn.co/image/ab67616d0000b273f9638e7ed5b7d42e9c514195,0.04504504504504504
Ditto (250 Remix),NewJeans,2,35,35.5,58.5,2,album,False,https://i.scdn.co/image/ab67616d0000b273782a8cae588fee29eefec8b6,0.0036036036036036037
Live My Life,aespa,2,35,42.5,57.5,2,album,False,https://i.scdn.co/image/ab67616d0000b273090cfa22962b115ac530674c,0.0036036036036036037
"Flights, Not Feelings",aespa,2,35,38.0,53.0,2,single,False,https://i.scdn.co/image/ab67616d0000b2736eb604294f8f58c9078f58b1,0.0036036036036036037
한 페이지가 될 수 있게,DAY6,2,35,35.5,52.0,2,single,False,https://i.scdn.co/image/ab67616d0000b27380c0a2d0bf89e3707b6365c4,0.0036036036036036037
A Yo (Feat. Beenzino),E SENS,1,35,35.0,38.0,1,album,False,https://i.scdn.co/image/ab67616d0000b273a1b5984b009eb28b35034efb,0.0018018018018018018
I Like Me Better,Lauv,1,36,36.0,84.0,1,album,False,https://i.scdn.co/image/ab67616d0000b273bdea30b86b37142ec99deb78,0.0018018018018018018
Push Ups,Drake,1,36,36.0,84.0,1,single,True,https://i.scdn.co/image/ab67616d0000b27384bfd0d363f0179ac7c97fa5,0.0018018018018018018
Noid,"Tyler, The Creator",2,36,37.5,81.0,2,single,True,https://i.scdn.co/image/ab67616d0000b273dc620428d6bbc305cd43c19b,0.0036036036036036037
Klaxon,(G)I-DLE,22,36,45.59090909090909,74.27272727272727,22,single,False,https://i.scdn.co/image/ab67616d0000b27366f7b6431ebb26c9b557a96b,0.03963963963963964
Popcorn,D.O.,1,36,36.0,65.0,1,single,False,https://i.scdn.co/image/ab67616d0000b27304c578f5f24e26a0b6c9d903,0.0018018018018018018
V (Peace) (feat. AKMU),Zion.T,4,36,44.5,55.5,4,album,False,https://i.scdn.co/image/ab67616d0000b273df146c9e8246ae9f1d7711da,0.007207207207207207
Even for a moment,Sung Si Kyung & Naul,1,36,36.0,0.0,1,single,False,https://i.scdn.co/image/ab67616d0000b27347a922cbf67da885305a21e1,0.0018018018018018018
My Boy Only Breaks His Favorite Toys,Taylor Swift,2,37,37.0,81.5,2,album,False,https://i.scdn.co/image/ab67616d0000b2735076e4160d018e378f488c33,0.0036036036036036037
PARANOIA,HEARTSTEEL & League of Legends & BAEKHYUN,3,37,40.333333333333336,80.66666666666667,3,single,False,https://i.scdn.co/image/ab67616d0000b273f0c1d3c167b32190fa42521d,0.005405405405405406
Love Me Like This,NMIXX,18,37,43.666666666666664,77.16666666666667,18,single,False,https://i.scdn.co/image/ab67616d0000b273bbead884cd91c2a9b5b2a9fc,0.032432432432432434
CROOKED,G-DRAGON,7,37,45.142857142857146,61.714285714285715,7,album,False,https://i.scdn.co/image/ab67616d0000b2733dbdbd0023f1e1c08cd5a6c9,0.012612612612612612
Nest,Lim Young Woong,36,37,43.44444444444444,57.833333333333336,36,album,False,https://i.scdn.co/image/ab67616d0000b2738f116e476da669a9a3e7dcaa,0.06486486486486487
NIGHT DANCER - BIG Naughty Remix,imase & BIG Naughty,10,37,43.8,57.5,10,single,False,https://i.scdn.co/image/ab67616d0000b2738513a2d7c47a1028118a16ff,0.018018018018018018
Dangerously,Charlie Puth,28,37,43.642857142857146,52.82142857142857,28,album,False,https://i.scdn.co/image/ab67616d0000b273c0e28105f0533c52717c46c2,0.05045045045045045
Chasing That Feeling,TOMORROW X TOGETHER,5,37,40.0,45.0,5,album,False,https://i.scdn.co/image/ab67616d0000b2736067880e6c410727ac5a5f8b,0.009009009009009009
Dope As (Interlude),Beenzino,2,37,37.0,41.5,2,album,True,https://i.scdn.co/image/ab67616d0000b273ec4d37775e78943aa8bfe275,0.0036036036036036037
Slime You Out (feat. SZA),Drake & SZA,2,37,39.0,37.5,2,single,True,https://i.scdn.co/image/ab67616d0000b2733b2df9103b8b1bad69ec4aa9,0.0036036036036036037
Circles,Post Malone,2,38,38.0,89.0,2,album,False,https://i.scdn.co/image/ab67616d0000b2739478c87599550dd73bfa7e02,0.0036036036036036037
That's What I Like,Bruno Mars,5,38,45.2,87.0,5,album,False,https://i.scdn.co/image/ab67616d0000b273232711f7d66a1e19e89e28c5,0.009009009009009009
wacced out murals,Kendrick Lamar,1,38,38.0,81.0,1,album,True,https://i.scdn.co/image/ab67616d0000b273d9985092cd88bffd97653b58,0.0018018018018018018
LALALALA,Stray Kids,5,38,42.4,63.2,5,album,False,https://i.scdn.co/image/ab67616d0000b2732bca95a658fdf653a35a3710,0.009009009009009009
Supernova - Japanese Version,KANGDANIEL,10,38,41.5,58.6,10,single,False,https://i.scdn.co/image/ab67616d0000b2736365b74482b64ef1b9632593,0.018018018018018018
My Starry Love,Lim Young Woong,30,38,45.0,57.06666666666667,30,single,False,https://i.scdn.co/image/ab67616d0000b273c5e163c2edcdb27d99e405c5,0.05405405405405406
Flowers,aespa,1,38,38.0,51.0,1,single,False,https://i.scdn.co/image/ab67616d0000b273e467a8e8d7b0aa92d354aa75,0.0018018018018018018
FRIED,¥$ & Kanye West & Ty Dolla $ign,3,38,38.666666666666664,47.333333333333336,3,album,True,https://i.scdn.co/image/ab67616d0000b273b323e81b41c797a4784abc02,0.005405405405405406
Sandman,Beenzino,3,38,41.333333333333336,42.0,3,album,True,https://i.scdn.co/image/ab67616d0000b273ec4d37775e78943aa8bfe275,0.005405405405405406
Lovin On Me,Jack Harlow,15,39,47.53333333333333,99.0,15,single,True,https://i.scdn.co/image/ab67616d0000b273fcf4adae77baba5d0169e8e8,0.02702702702702703
In Bloom,ZEROBASEONE,6,39,46.333333333333336,75.66666666666667,6,single,False,https://i.scdn.co/image/ab67616d0000b27312062f95939fd4de9def44e7,0.010810810810810811
K-POP,Travis Scott & Bad Bunny & The Weeknd,6,39,44.666666666666664,73.83333333333333,6,single,True,https://i.scdn.co/image/ab67616d0000b273893489768de0c42b4d217b82,0.010810810810810811
Good Bones,LE SSERAFIM,2,39,41.0,66.5,2,single,False,https://i.scdn.co/image/ab67616d0000b273110f5426b8c149e80804912a,0.0036036036036036037
HARD,SHINee,4,39,44.25,66.5,4,album,False,https://i.scdn.co/image/ab67616d0000b27386fe9fe6eaab4083b32adf9f,0.007207207207207207
Lose My Breath,Stray Kids,1,39,39.0,54.0,1,single,False,https://i.scdn.co/image/ab67616d0000b273dd28d18695a5f6b07a1832d8,0.0018018018018018018
As You Wish,WJSN,2,39,39.0,52.5,2,single,False,https://i.scdn.co/image/ab67616d0000b27375a05a342311ea842c4deec6,0.0036036036036036037
Trippy (Feat. Lance Skiiiwalker),Beenzino,2,39,39.0,41.0,2,album,True,https://i.scdn.co/image/ab67616d0000b273ec4d37775e78943aa8bfe275,0.0036036036036036037
Jeogeumtong,E SENS,1,39,39.0,38.0,1,album,False,https://i.scdn.co/image/ab67616d0000b273a1b5984b009eb28b35034efb,0.0018018018018018018
Deseydin Anlardım,EDES,2,39,44.5,1.0,2,single,False,https://i.scdn.co/image/ab67616d0000b273cb9b5d191915310720caeeb0,0.0036036036036036037
DELRESTO (ECHOES),Travis Scott,1,39,39.0,0.0,1,album,True,https://i.scdn.co/image/ab67616d0000b273881d8d8378cd01099babcd44,0.0018018018018018018
Kill Bill,SZA,43,40,45.093023255813954,94.0,43,album,False,https://i.scdn.co/image/ab67616d0000b2730c471c36970b9406233842a5,0.07747747747747748
MANIAC,VIVIZ,13,40,47.0,81.61538461538461,13,single,False,https://i.scdn.co/image/ab67616d0000b273047aaa5b1361b255b255e41d,0.023423423423423424
BURN,Kanye West & Ty Dolla $ign,1,40,40.0,80.0,1,album,True,https://i.scdn.co/image/ab67616d0000b2735f4d67e6c3d62045e72d3775,0.0018018018018018018
Shoong! (feat. LISA of BLACKPINK),TAEYANG,10,40,45.6,78.9,10,album,False,https://i.scdn.co/image/ab67616d0000b27346313223adf2b6d726388328,0.018018018018018018
I’ll See You There Tomorrow,TOMORROW X TOGETHER,7,40,43.857142857142854,77.71428571428571,7,album,False,https://i.scdn.co/image/ab67616d0000b27303c996028737858321d2ffe0,0.012612612612612612
eternal sunshine,Ariana Grande,4,40,43.25,77.25,4,album,False,https://i.scdn.co/image/ab67616d0000b273c75a14e746ffe2030e8cd5da,0.007207207207207207
XO (Only If You Say Yes),ENHYPEN,5,40,42.4,72.2,5,album,False,https://i.scdn.co/image/ab67616d0000b273653887a83332de0350151f10,0.009009009009009009
ITEM,Stray Kids,1,40,40.0,69.0,1,album,False,https://i.scdn.co/image/ab67616d0000b273d8025c5b4c1f01c69ebdc935,0.0018018018018018018
Chasing Lightning,LE SSERAFIM,1,40,40.0,60.0,1,single,False,https://i.scdn.co/image/ab67616d0000b273485623bc41b6760fc1bca2f4,0.0018018018018018018
Pleasure Shop,KEY,4,40,45.25,52.25,4,single,False,https://i.scdn.co/image/ab67616d0000b273cdd2d7af5d636ec8668138b1,0.007207207207207207
LOCKDOWN,ISEGYE IDOL,4,40,43.0,44.25,4,single,False,https://i.scdn.co/image/ab67616d0000b273628f1289fdc75e1906f24d27,0.007207207207207207
Dance The Night (From Barbie The Album),Dua Lipa,18,41,43.888888888888886,95.33333333333333,18,single,False,https://i.scdn.co/image/ab67616d0000b2737dd3ba455ee3390cb55b0192,0.032432432432432434
Like Crazy (Instrumental),Jimin,6,41,46.0,68.0,6,single,False,https://i.scdn.co/image/ab67616d0000b273f9638e7ed5b7d42e9c514195,0.010810810810810811
WAY 4 LUV,PLAVE,12,41,46.5,59.166666666666664,12,single,False,https://i.scdn.co/image/ab67616d0000b273fcdc5e626e66249ead948655,0.021621621621621623
Click Like (Prod. Crush) (Feat. Paul Blanco),Various Artists,4,41,43.75,56.75,4,single,False,https://i.scdn.co/image/ab67616d0000b2734c0f17fbae890e66fe861b29,0.007207207207207207
BAHAMA,aespa,1,41,41.0,56.0,1,album,False,https://i.scdn.co/image/ab67616d0000b273090cfa22962b115ac530674c,0.0018018018018018018
Camp,Beenzino,2,41,41.0,40.0,2,album,True,https://i.scdn.co/image/ab67616d0000b273ec4d37775e78943aa8bfe275,0.0036036036036036037
Combo,RIIZE,2,41,41.0,38.0,2,album,False,https://i.scdn.co/image/ab67616d0000b2734bccc4c57510ca441c1e2214,0.0036036036036036037
What The Hell,E SENS,1,41,41.0,37.0,1,album,False,https://i.scdn.co/image/ab67616d0000b273a1b5984b009eb28b35034efb,0.0018018018018018018
i like the way you kiss me,Artemas,2,42,46.0,98.0,2,single,False,https://i.scdn.co/image/ab67616d0000b273e67611dbbf69a90d0b6cb738,0.0036036036036036037
Water,Tyla,2,42,42.0,93.0,2,single,False,https://i.scdn.co/image/ab67616d0000b273d20231861e86a6f74ef2393e,0.0036036036036036037
FE!N (feat. Playboi Carti),Travis Scott,3,42,45.333333333333336,90.0,3,album,True,https://i.scdn.co/image/ab67616d0000b273881d8d8378cd01099babcd44,0.005405405405405406
euphoria,Kendrick Lamar,3,42,46.666666666666664,81.0,3,single,True,https://i.scdn.co/image/ab67616d0000b2737587213b1be294ac4000f648,0.005405405405405406
Popular (with Playboi Carti & Madonna),The Weeknd & Playboi Carti & Madonna,1,42,42.0,75.0,1,single,True,https://i.scdn.co/image/ab67616d0000b273eac1ac267dc90bc625535a57,0.0018018018018018018
Teddy Bear,STAYC,13,42,46.69230769230769,73.92307692307692,13,single,False,https://i.scdn.co/image/ab67616d0000b273ebbb6b66adf9f2392bb86733,0.023423423423423424
Trust in me,Lim Young Woong,25,42,46.0,57.8,25,single,False,https://i.scdn.co/image/ab67616d0000b273e76a3b26a23718f8772bb6fa,0.04504504504504504
Shxtty Game,DAY6,3,42,46.666666666666664,50.0,3,album,False,https://i.scdn.co/image/ab67616d0000b273d746b397d3dd7ddd4d462065,0.005405405405405406
PALISADE,YANGHONGWON,2,42,45.5,37.0,2,album,False,https://i.scdn.co/image/ab67616d0000b273e6afcaf89f82b98a86815f01,0.0036036036036036037
SIRENS,Travis Scott,1,42,42.0,0.0,1,album,True,https://i.scdn.co/image/ab67616d0000b273881d8d8378cd01099babcd44,0.0018018018018018018
Saturn,SZA,9,43,46.44444444444444,90.22222222222223,9,single,False,https://i.scdn.co/image/ab67616d0000b273d70916ee9e40c90380ba5f07,0.016216216216216217
Fighting (Feat. Lee Young Ji),BSS,18,43,45.77777777777778,78.0,18,single,False,https://i.scdn.co/image/ab67616d0000b2731869a85947a5ea00df8c936f,0.032432432432432434
Cream Soda,EXO,2,43,44.5,75.5,2,album,False,https://i.scdn.co/image/ab67616d0000b2730be5467d9b60d8f46af0e388,0.0036036036036036037
Dare to Love (feat. BIG Naughty),B.I,8,43,46.625,63.75,8,album,False,https://i.scdn.co/image/ab67616d0000b27316ec5264f7c472cfdc2c1b9d,0.014414414414414415
"무제(無題) (Untitled, 2014)",G-DRAGON,2,43,46.5,59.5,2,single,False,https://i.scdn.co/image/ab67616d0000b2732d56768bc14df3b0b3982efd,0.0036036036036036037
FOREVER,BABYMONSTER,7,43,46.285714285714285,58.285714285714285,7,single,False,https://i.scdn.co/image/ab67616d0000b2739ccdba01c6d3b58d2dc1ab3e,0.012612612612612612
OMG (FRNK Remix),NewJeans,2,43,46.5,56.5,2,album,False,https://i.scdn.co/image/ab67616d0000b273782a8cae588fee29eefec8b6,0.0036036036036036037
예뻤어,DAY6,2,43,43.5,49.0,2,album,False,https://i.scdn.co/image/ab67616d0000b273b3773dc742bde1298ea9399f,0.0036036036036036037
GOD'S COUNTRY,Travis Scott,1,43,43.0,0.0,1,album,True,https://i.scdn.co/image/ab67616d0000b273881d8d8378cd01099babcd44,0.0018018018018018018
Snooze (Acoustic) (feat. Justin Bieber),SZA & Justin Bieber,1,43,43.0,0.0,1,single,True,https://i.scdn.co/image/ab67616d0000b2734f68e7b4b983953a0f188447,0.0018018018018018018
"So Long, London",Taylor Swift,2,44,44.0,81.5,2,album,False,https://i.scdn.co/image/ab67616d0000b2735076e4160d018e378f488c33,0.0036036036036036037
Summer (Feat. BE’O),Paul Blanco,23,44,47.34782608695652,66.91304347826087,23,single,True,https://i.scdn.co/image/ab67616d0000b2735a68d5809c1367b2a1f4b90b,0.04144144144144144
Spark - WINTER Solo,aespa,1,44,44.0,64.0,1,single,False,https://i.scdn.co/image/ab67616d0000b273253096eda3b7826c11c7fab8,0.0018018018018018018
LALALI,SEVENTEEN,1,44,44.0,61.0,1,album,False,https://i.scdn.co/image/ab67616d0000b2736c498180e56f57e7d7bcdb86,0.0018018018018018018
Discord,QWER,5,44,48.2,58.4,5,single,False,https://i.scdn.co/image/ab67616d0000b273351111222cac1ac5a566b24f,0.009009009009009009
Bubble Gum (Instrumental),NewJeans,1,44,44.0,52.0,1,single,False,https://i.scdn.co/image/ab67616d0000b273b657fbb27b17e7bd4691c2b2,0.0018018018018018018
G.O.A.T,TAEMIN,1,44,44.0,52.0,1,single,False,https://i.scdn.co/image/ab67616d0000b273f2dff4b6f58682692c0b0beb,0.0018018018018018018
Slow Dancing (FRNK Remix),V,2,44,44.0,0.0,2,single,False,https://i.scdn.co/image/ab67616d0000b273501553b73780cd9b5993b1f8,0.0036036036036036037
Spicy,aespa & Nitepunk,1,44,44.0,0.0,1,single,False,https://i.scdn.co/image/ab67616d0000b27324936098cb2874153291a3f9,0.0018018018018018018
TIME MOVING SLOW,¥$ & Kanye West & Ty Dolla $ign,1,44,44.0,0.0,1,album,True,https://i.scdn.co/image/ab67616d0000b273b323e81b41c797a4784abc02,0.0018018018018018018
greedy,Tate McRae,9,45,47.333333333333336,94.88888888888889,9,single,True,https://i.scdn.co/image/ab67616d0000b27322fd802bc61db666c7c81aa8,0.016216216216216217
Like That,Future & Metro Boomin,4,45,46.0,90.0,4,album,True,https://i.scdn.co/image/ab67616d0000b273a46b07c291e6dfdee13b3ee8,0.007207207207207207
Don't Look Back In Anger - Remastered,Oasis,2,45,47.0,77.5,2,album,False,https://i.scdn.co/image/ab67616d0000b2737a4c8c59851c88f6794c3cbf,0.0036036036036036037
Intro: Singularity,BTS,6,45,47.333333333333336,71.0,6,album,False,https://i.scdn.co/image/ab67616d0000b2738fbcf6544ff02a8959a81781,0.010810810810810811
The Unknown Sea,TAEMIN,1,45,45.0,51.0,1,single,False,https://i.scdn.co/image/ab67616d0000b273f2dff4b6f58682692c0b0beb,0.0018018018018018018
UNLOVE (prod. HONNE),Zion.T,1,45,45.0,48.0,1,album,False,https://i.scdn.co/image/ab67616d0000b273df146c9e8246ae9f1d7711da,0.0018018018018018018
Radio,Beenzino,2,45,45.0,39.0,2,album,True,https://i.scdn.co/image/ab67616d0000b273ec4d37775e78943aa8bfe275,0.0036036036036036037
KIDDING,ISEGYE IDOL,3,45,46.0,35.0,3,single,False,https://i.scdn.co/image/ab67616d0000b2738fc56337d0720c411120a529,0.005405405405405406
The Breakup Anthem,Ebstar,1,45,45.0,1.0,1,album,False,https://i.scdn.co/image/ab67616d0000b273402a335c02935b03a3dc4cb2,0.0018018018018018018
CHIHIRO,Billie Eilish,4,46,46.75,83.5,4,album,False,https://i.scdn.co/image/ab67616d0000b27371d62ea7ea8a5be92d3c1f62,0.007207207207207207
Heavy Is the Crown,Linkin Park,1,46,46.0,78.0,1,single,False,https://i.scdn.co/image/ab67616d0000b2735e2801d58ceb23a9d19308b7,0.0018018018018018018
Salty & Sweet,aespa,1,46,46.0,74.0,1,single,False,https://i.scdn.co/image/ab67616d0000b27304878afb19613a94d37b29ce,0.0018018018018018018
I Don’t Think That I Like Her,Charlie Puth,8,46,48.25,73.0,8,album,False,https://i.scdn.co/image/ab67616d0000b27335d2e0ed94a934f2cc46fa49,0.014414414414414415
i don't know (with HUH YUNJIN of LE SSERAFIM),j-hope,1,46,46.0,65.0,1,single,False,https://i.scdn.co/image/ab67616d0000b273c38c67ad56a314ba5669242d,0.0018018018018018018
Soñar (Breaker),NMIXX,1,46,46.0,58.0,1,album,False,https://i.scdn.co/image/ab67616d0000b27381d97a31253b898bc4149195,0.0018018018018018018
Loving You,Lim Young Woong,8,46,48.125,56.375,8,album,False,https://i.scdn.co/image/ab67616d0000b2738f116e476da669a9a3e7dcaa,0.014414414414414415
Get The Hell Out,DAY6,1,46,46.0,52.0,1,album,False,https://i.scdn.co/image/ab67616d0000b2730309970945710645006b9c9e,0.0018018018018018018
No Tomorrow - Spotify Singles,Various Artists,3,46,48.0,41.0,3,single,False,https://i.scdn.co/image/ab67616d0000b273865ce5a4aca1b2ac86432f9a,0.005405405405405406
Gym,Beenzino,2,46,46.0,39.0,2,album,True,https://i.scdn.co/image/ab67616d0000b273ec4d37775e78943aa8bfe275,0.0036036036036036037
Right Now (Instrumental),NewJeans,2,46,46.0,23.0,2,single,False,https://i.scdn.co/image/ab67616d0000b2737e1eeb0d7cc374a168369c80,0.0036036036036036037
DO IT,Kanye West & Ty Dolla $ign,1,47,47.0,78.0,1,album,True,https://i.scdn.co/image/ab67616d0000b2735f4d67e6c3d62045e72d3775,0.0018018018018018018
Overdrive,Post Malone,1,47,47.0,76.0,1,single,False,https://i.scdn.co/image/ab67616d0000b27372694fed173af6d24d22eefb,0.0018018018018018018
Somebody,D.O.,3,47,49.0,76.0,3,single,False,https://i.scdn.co/image/ab67616d0000b2739fc7a71661f7d244cfbadf8d,0.005405405405405406
Mars,D.O.,2,47,47.5,67.5,2,single,False,https://i.scdn.co/image/ab67616d0000b273f520480121d1cc5024db28f0,0.0036036036036036037
Seven (feat. Latto) (Lofi Mix),Jung Kook & Latto,2,47,47.0,67.0,2,single,False,https://i.scdn.co/image/ab67616d0000b2736a0314aeb326cd922f77956f,0.0036036036036036037
Crazier,LE SSERAFIM,1,47,47.0,61.0,1,single,False,https://i.scdn.co/image/ab67616d0000b273485623bc41b6760fc1bca2f4,0.0018018018018018018
Attention (250 Remix),NewJeans,1,47,47.0,58.0,1,album,False,https://i.scdn.co/image/ab67616d0000b273782a8cae588fee29eefec8b6,0.0018018018018018018
Bubble,STAYC,1,47,47.0,58.0,1,single,False,https://i.scdn.co/image/ab67616d0000b27305f3e920cfd3ae7fe9192149,0.0018018018018018018
One Kiss,RIIZE,1,47,47.0,50.0,1,single,False,https://i.scdn.co/image/ab67616d0000b2734d4c3b0dc9e24e3beb94325e,0.0018018018018018018
Let off steam,Leellamarz & YANGHONGWON,2,47,48.5,41.0,2,single,False,https://i.scdn.co/image/ab67616d0000b27343ca6d7716052dc573848152,0.0036036036036036037
Hell yea,Leellamarz & YANGHONGWON,1,47,47.0,38.0,1,single,False,https://i.scdn.co/image/ab67616d0000b27343ca6d7716052dc573848152,0.0018018018018018018
Big Dawgs,Hanumankind & Kalmi,6,48,48.166666666666664,92.0,6,single,True,https://i.scdn.co/image/ab67616d0000b273d9afe5c70c43cb2bd34605ea,0.010810810810810811
Christmas Without You,Ava Max,3,48,48.333333333333336,85.0,3,single,False,https://i.scdn.co/image/ab67616d0000b273b4d8f3f9d4d8739e1b30c3a1,0.005405405405405406
LOVE DIVE,IVE,6,48,48.833333333333336,83.0,6,single,False,https://i.scdn.co/image/ab67616d0000b2739016f58cc49e6473e1207093,0.010810810810810811
Flooded The Face,Lil Uzi Vert,1,48,48.0,79.0,1,album,True,https://i.scdn.co/image/ab67616d0000b273a0e7694a73abed7372474d69,0.0018018018018018018
地球儀 - Spinning Globe,Kenshi Yonezu,2,48,48.5,76.0,2,single,False,https://i.scdn.co/image/ab67616d0000b2739caa7a79ae5f56e02141563b,0.0036036036036036037
Elevator,Lim Young Woong,6,48,49.333333333333336,55.333333333333336,6,single,False,https://i.scdn.co/image/ab67616d0000b27330c7efc5be3ef1a8a20d2ed4,0.010810810810810811
Gonna Be A Rock,BOYNEXTDOOR,1,48,48.0,55.0,1,album,False,https://i.scdn.co/image/ab67616d0000b27381909c1add057c602193daab,0.0018018018018018018
Say Less,TAEMIN,1,48,48.0,51.0,1,single,False,https://i.scdn.co/image/ab67616d0000b273f2dff4b6f58682692c0b0beb,0.0018018018018018018
"Crime (Feat. Bek Hyunjin, 250)",Beenzino,2,48,48.0,40.0,2,album,True,https://i.scdn.co/image/ab67616d0000b273ec4d37775e78943aa8bfe275,0.0036036036036036037
Type Shit,Future & Metro Boomin,1,48,48.0,0.0,1,album,True,https://i.scdn.co/image/ab67616d0000b273a46b07c291e6dfdee13b3ee8,0.0018018018018018018
Chemical,Post Malone,1,49,49.0,91.0,1,single,True,https://i.scdn.co/image/ab67616d0000b273f76f8deeba5370c98ad38f1c,0.0018018018018018018
don't wanna break up again,Ariana Grande,1,49,49.0,84.0,1,album,True,https://i.scdn.co/image/ab67616d0000b2738b58d20f1b77295730db15b4,0.0018018018018018018
It's the Most Wonderful Time of the Year,Andy Williams,2,49,49.0,79.0,2,album,False,https://i.scdn.co/image/ab67616d0000b273585897779cf3591ba0f07650,0.0036036036036036037
Tick-Tack,ILLIT,2,49,49.5,73.5,2,single,False,https://i.scdn.co/image/ab67616d0000b273fc2fffae3025fbc540b98f34,0.0036036036036036037
TOPLINE (Feat. Tiger JK),Stray Kids,1,49,49.0,71.0,1,album,False,https://i.scdn.co/image/ab67616d0000b273d8025c5b4c1f01c69ebdc935,0.0018018018018018018
lock / unlock (with benny blanco & Nile Rodgers),j-hope,1,49,49.0,65.0,1,single,False,https://i.scdn.co/image/ab67616d0000b273c38c67ad56a314ba5669242d,0.0018018018018018018
Dopamine - GISELLE Solo,aespa,1,49,49.0,63.0,1,single,False,https://i.scdn.co/image/ab67616d0000b273253096eda3b7826c11c7fab8,0.0018018018018018018
Drowning,WOODZ,7,49,49.285714285714285,60.285714285714285,7,single,False,https://i.scdn.co/image/ab67616d0000b273e87a41550ee1b24be3e6e1fb,0.012612612612612612
Accendio,IVE,2,49,49.0,59.5,2,single,False,https://i.scdn.co/image/ab67616d0000b2739c4f13260bd0cbfdfe6bbc61,0.0036036036036036037
Boat,george,3,49,49.666666666666664,58.0,3,single,False,https://i.scdn.co/image/ab67616d0000b27326124ac81cc872cd040defd8,0.005405405405405406
Love Station,Lim Young Woong,5,49,49.8,56.0,5,album,False,https://i.scdn.co/image/ab67616d0000b2738f116e476da669a9a3e7dcaa,0.009009009009009009
On the street (Feat. ASH ISLAND),Leellamarz,1,49,49.0,36.0,1,single,False,https://i.scdn.co/image/ab67616d0000b2738a0d5a51b9ac8fa5fa45bb35,0.0018018018018018018
TOO MUCH,The Kid LAROI,1,49,49.0,35.0,1,album,True,https://i.scdn.co/image/ab67616d0000b2732abb30c6296964d5d07458c2,0.0018018018018018018
SOS (Prod. Marshmello),SEVENTEEN,2,49,49.0,0.0,2,album,False,https://i.scdn.co/image/ab67616d0000b273d07a54abba4f5060c2486e3c,0.0036036036036036037
But Daddy I Love Him,Taylor Swift,2,50,50.0,81.0,2,album,True,https://i.scdn.co/image/ab67616d0000b2735076e4160d018e378f488c33,0.0036036036036036037
Rah Tah Tah,"Tyler, The Creator",1,50,50.0,81.0,1,album,True,https://i.scdn.co/image/ab67616d0000b273232374a6a869e62826f3f1f7,0.0018018018018018018
The Astronaut,JIN,1,50,50.0,79.0,1,single,False,https://i.scdn.co/image/ab67616d0000b27343aaff780ea621da5ce4eb0a,0.0018018018018018018
Let Me In,EXO,1,50,50.0,72.0,1,single,False,https://i.scdn.co/image/ab67616d0000b273d524dec6220e41c596125857,0.0018018018018018018
Super Bowl,Stray Kids,1,50,50.0,69.0,1,album,False,https://i.scdn.co/image/ab67616d0000b273d8025c5b4c1f01c69ebdc935,0.0018018018018018018
Event Horizon,Younha,1,50,50.0,64.0,1,album,False,https://i.scdn.co/image/ab67616d0000b2732918f236448bf544586e388a,0.0018018018018018018
Melt Away,TAEYEON,1,50,50.0,55.0,1,single,False,https://i.scdn.co/image/ab67616d0000b273ed4dcfaf5f63938ecd6c4d59,0.0018018018018018018
Honestly,RIIZE,1,50,50.0,51.0,1,single,False,https://i.scdn.co/image/ab67616d0000b2734d4c3b0dc9e24e3beb94325e,0.0018018018018018018
Pink Hoodie,aespa,1,50,50.0,50.0,1,single,False,https://i.scdn.co/image/ab67616d0000b273e467a8e8d7b0aa92d354aa75,0.0018018018018018018
HELIOT EMIL,CHANGMO,1,50,50.0,45.0,1,single,False,https://i.scdn.co/image/ab67616d0000b273db4a84ee5cf89e45002e2d20,0.0018018018018018018
Sweet Venom,ENHYPEN,1,50,50.0,0.0,1,album,False,https://i.scdn.co/image/ab67616d0000b273d364c1f2a6fede40055b02d5,0.0018018018018018018
