song,artist,total_reentries,average_gap_days,longest_gap_days,best_reentry_position,average_reentry_position,highest_momentum_score,average_momentum_score
Filter,BTS,3,98.66666666666667,288.0,31,40.333333333333336,0.22677165354330708,0.07611548556430446
With you,Jimin & HA SUNG WOON,4,57.75,201.0,28,41.25,0.18200787401574806,0.047194881889763785
Christmas Love,Jimin,14,12.785714285714286,136.0,28,43.214285714285715,0.12314960629921262,0.00957817772778403
That's What I Like,Bruno Mars,1,508.0,508.0,45,45.0,0.12,0.12
Attention,NewJeans,10,26.7,211.0,37,46.7,0.10799212598425197,0.01136220472440945
"Angel Pt. 1 (feat. Jimin of BTS, JVKE & Muni Long) - Trailer Version",Fast & Furious: The Fast Saga & Jimin & BTS,4,37.0,102.0,35,43.0,0.06425196850393701,0.016811023622047245
HAPPY,DAY6,1,161.0,161.0,42,42.0,0.057047244094488185,0.057047244094488185
Welcome to the Show,DAY6,6,26.833333333333332,141.0,36,44.833333333333336,0.03885826771653544,0.007198162729658793
Lost and Found,KingLee & Lil' Flip,1,19.0,19.0,8,8.0,0.03216535433070866,0.03216535433070866
Too Sad to Dance,Jung Kook,9,11.777777777777779,68.0,39,45.22222222222222,0.032125984251968505,0.004763779527559056
Left and Right (Feat. Jung Kook of BTS),Charlie Puth,8,33.5,189.0,29,41.375,0.029763779527559056,0.008828740157480315
All Or Nothing,J Money & KingLee,1,26.0,26.0,26,26.0,0.025590551181102362,0.025590551181102362
If I have you only (My love X Nerd Connection),Nerd Connection,9,17.444444444444443,129.0,42,46.44444444444444,0.025393700787401576,0.0033377077865266846
Who (Instrumental),Jimin,9,5.0,29.0,30,44.888888888888886,0.023976377952755906,0.0029615048118985126
Who (Shibuyakei Remix),Jimin,8,5.625,30.0,31,41.375,0.023622047244094488,0.003533464566929134
You Were Beautiful,DAY6,13,15.307692307692308,149.0,33,45.38461538461539,0.023464566929133856,0.0026196244700181707
Who (Beautiful Mind Remix),Jimin,12,5.0,30.0,32,45.583333333333336,0.022440944881889763,0.002267060367454068
OMG,NewJeans,15,14.2,55.0,40,45.6,0.021653543307086617,0.003902887139107612
SPOT!,ZICO & JENNIE,2,45.0,88.0,36,40.5,0.02078740157480315,0.010984251968503937
"Angel Pt. 2 (feat. Jimin of BTS, Charlie Puth and Muni Long)",Fast & Furious: The Fast Saga & Jimin & BTS,3,26.333333333333332,71.0,44,46.333333333333336,0.01956692913385827,0.0068241469816272965
Who (Funky Remix),Jimin,12,4.666666666666667,29.0,34,44.5,0.01940944881889764,0.0021358267716535435
Dreamers [Music from the FIFA World Cup Qatar 2022 Official Soundtrack],Jung Kook & BTS,4,7.5,21.0,28,35.25,0.019015748031496065,0.006023622047244095
Perfect Night,LE SSERAFIM,13,7.230769230769231,51.0,16,41.92307692307692,0.018070866141732284,0.002225923682616596
New Jeans,NewJeans,23,9.26086956521739,63.0,40,46.869565217391305,0.01736220472440945,0.0018486819582334817
Shot Glass of Tears,Jung Kook,5,15.8,62.0,44,47.2,0.01708661417322835,0.003677165354330709
"yes, and?",Ariana Grande,3,8.333333333333334,20.0,29,34.666666666666664,0.01653543307086614,0.006325459317585301
People Pt.2 (feat. IU),Agust D,2,14.5,25.0,35,40.0,0.015748031496062992,0.008346456692913385
For Us,V,1,52.0,52.0,44,44.0,0.014330708661417325,0.014330708661417325
Drama,aespa,8,15.125,88.0,32,44.375,0.013858267716535434,0.0024704724409448818
I Love You,Lim Young Woong,12,13.083333333333334,103.0,44,47.083333333333336,0.012165354330708662,0.0016043307086614173
Time of Our Life -Japanese ver.- - Japanese ver.,DAY6,9,17.11111111111111,72.0,37,45.666666666666664,0.011338582677165355,0.0023797025371828525
A bientot,Lim Young Woong,24,7.166666666666667,48.0,38,46.708333333333336,0.011338582677165353,0.0012007874015748032
Dance The Night (From Barbie The Album),Dua Lipa,3,18.333333333333332,47.0,45,47.0,0.011102362204724409,0.004120734908136483
FIELD TRIP,¥$ & Kanye West & Ty Dolla $ign,1,14.0,14.0,31,31.0,0.011023622047244094,0.011023622047244094
Lovely Touch,Lim Young Woong,5,32.0,138.0,44,48.0,0.010866141732283466,0.002897637795275591
Blue,V,4,15.25,54.0,43,46.75,0.010629921259842521,0.00297244094488189
Sunflower - Spider-Man: Into the Spider-Verse,Post Malone,5,15.2,64.0,46,48.2,0.010078740157480314,0.0022519685039370076
Closer to You (feat. Major Lazer),Jung Kook,13,13.076923076923077,83.0,43,47.53846153846154,0.009803149606299211,0.0015414900060569349
Armageddon,aespa & Grimes & Flava D,1,15.0,15.0,36,36.0,0.008858267716535433,0.008858267716535433
WAY 4 LUV,PLAVE,1,55.0,55.0,47,47.0,0.008661417322834646,0.008661417322834646
My You,Jung Kook,6,10.833333333333334,50.0,47,48.833333333333336,0.007874015748031496,0.0014829396325459316
Cruel Summer,Taylor Swift,16,13.125,64.0,24,44.1875,0.007559055118110235,0.0015255905511811023
Face-off,Jimin,10,3.4,13.0,25,41.5,0.007165354330708662,0.001405511811023622
Hype Boy,NewJeans,21,10.19047619047619,50.0,35,46.714285714285715,0.006929133858267717,0.0012560929883764528
"무제(無題) (Untitled, 2014)",G-DRAGON,1,22.0,22.0,43,43.0,0.006929133858267717,0.006929133858267717
All I Want for Christmas Is You,Mariah Carey,1,6.0,6.0,24,24.0,0.006377952755905512,0.006377952755905512
Love Always Run Away,Lim Young Woong,14,11.357142857142858,57.0,43,48.0,0.0061417322834645665,0.0010967379077615298
ETA,NewJeans,18,8.277777777777779,77.0,39,47.05555555555556,0.006062992125984252,0.001010498687664042
Seven (feat. Latto) (Explicit Ver.),Jung Kook & Latto,1,3.0,3.0,1,1.0,0.005905511811023622,0.005905511811023622
Alone,Jimin,6,4.666666666666667,18.0,23,38.0,0.005669291338582677,0.0018635170603674542
Please Please Please,Sabrina Carpenter,5,6.6,13.0,33,44.0,0.0056692913385826766,0.0017952755905511811
Broken Melodies,NCT DREAM,1,20.0,20.0,44,44.0,0.005511811023622048,0.005511811023622048
Jealousyvalhalla,YANGHONGWON,1,4.0,4.0,16,16.0,0.005511811023622047,0.005511811023622047
FLOWER,JISOO,3,9.0,23.0,44,45.666666666666664,0.005433070866141732,0.002073490813648294
Slow Dancing,V,6,2.1666666666666665,3.0,6,34.666666666666664,0.00531496062992126,0.0015813648293963253
Pump Up The Volume!,PLAVE,2,17.5,33.0,47,47.0,0.0051968503937007875,0.0027559055118110236
A Psalm of Life,Lim Young Woong,6,25.333333333333332,132.0,45,47.333333333333336,0.0051968503937007875,0.0014829396325459316
Ditto,NewJeans,27,7.037037037037037,28.0,39,47.148148148148145,0.005118110236220472,0.0010542432195975503
Seven (feat. Latto) (Instrumental),Jung Kook & Latto,1,3.0,3.0,10,10.0,0.00484251968503937,0.00484251968503937
Lucky Girl Syndrome,ILLIT,4,6.25,17.0,43,45.0,0.004685039370078741,0.001614173228346457
Fry’s Dream,AKMU,2,7.0,11.0,39,40.0,0.004330708661417323,0.002874015748031496
Slow Dancing (Piano Ver.),V,1,54.0,54.0,49,49.0,0.0042519685039370085,0.0042519685039370085
You & Me (Coachella ver.),JENNIE,1,3.0,3.0,16,16.0,0.004133858267716535,0.004133858267716535
Vancouver,BIG Naughty,2,51.5,101.0,50,50.0,0.003976377952755906,0.0020275590551181106
double take,Dhruv,6,3.8333333333333335,10.0,39,44.0,0.003937007874015748,0.0012073490813648293
Who,Jimin,1,2.0,2.0,1,1.0,0.003937007874015748,0.003937007874015748
Like Crazy,Jimin,5,2.0,2.0,1,10.6,0.003937007874015748,0.003181102362204724
Interlude : Dive,Jimin,21,3.0952380952380953,7.0,24,40.04761904761905,0.0038582677165354333,0.0012785901762279715
Smeraldo Garden Marching Band (feat. Loco),Jimin & Loco,1,2.0,2.0,2,2.0,0.003858267716535433,0.003858267716535433
Seven (feat. Latto) (Explicit Ver.),Jung Kook,4,2.0,2.0,2,2.25,0.003858267716535433,0.0038385826771653543
VIBE (feat. Jimin of BTS),TAEYANG,7,16.571428571428573,98.0,43,46.142857142857146,0.003858267716535433,0.0010348706411698538
Like Crazy (English Version),Jimin,3,2.0,2.0,3,4.666666666666667,0.0037795275590551177,0.0036482939632545928
Be Mine,Jimin,1,2.0,2.0,3,3.0,0.0037795275590551177,0.0037795275590551177
EASY,LE SSERAFIM,10,6.1,35.0,3,37.1,0.0037795275590551177,0.001311023622047244
Set Me Free Pt.2,Jimin,3,2.0,2.0,4,6.666666666666667,0.003700787401574803,0.003490813648293963
Supernatural,NewJeans,2,2.0,2.0,4,5.0,0.003700787401574803,0.0036220472440944883
Smeraldo Garden Marching Band (feat. Loco),Jimin,1,2.0,2.0,4,4.0,0.003700787401574803,0.003700787401574803
3D (feat. Jack Harlow),Jung Kook,4,2.0,2.0,5,6.5,0.0036220472440944883,0.0035039370078740156
Standing Next to You,Jung Kook,5,2.0,2.0,5,8.2,0.0036220472440944883,0.0033700787401574803
Closer Than This,Jimin,4,2.0,2.0,5,6.5,0.0036220472440944883,0.0035039370078740156
Come back to me,RM,1,10.0,10.0,42,42.0,0.003543307086614173,0.003543307086614173
Sticky,KISS OF LIFE,3,2.0,2.0,6,22.0,0.003543307086614173,0.002283464566929134
Not Like Us,Kendrick Lamar,5,7.8,21.0,40,44.8,0.003464566929133858,0.0017086614173228345
Slow Dance (feat. Sofia Carson),Jimin,1,2.0,2.0,8,8.0,0.0033858267716535433,0.0033858267716535433
How Sweet,NewJeans,2,2.0,2.0,8,10.0,0.0033858267716535433,0.0032283464566929135
Seven (feat. Latto) (Band Ver.),Jung Kook & Latto,3,3.6666666666666665,5.0,34,44.0,0.003346456692913386,0.001272965879265092
Smart,LE SSERAFIM,3,2.0,2.0,9,19.666666666666668,0.003307086614173228,0.002467191601049869
Fate,(G)I-DLE,4,2.75,5.0,9,29.0,0.003307086614173228,0.0017913385826771654
Bam Yang Gang,BIBI,3,3.0,5.0,10,23.666666666666668,0.003228346456692913,0.0023097112860892386
FRI(END)S,V,6,2.3333333333333335,3.0,10,42.0,0.003228346456692913,0.000748031496062992
Rebirth (Intro),Jimin,1,2.0,2.0,10,10.0,0.003228346456692913,0.003228346456692913
Memories,RIIZE,4,2.75,4.0,24,42.0,0.003188976377952756,0.0010531496062992126
Seven (feat. Latto) (Summer Mix),Jung Kook & Latto,1,5.0,5.0,35,35.0,0.0031496062992125984,0.0031496062992125984
Small girl (feat. D.O.),Lee Young Ji,5,2.8,6.0,11,35.0,0.0031496062992125984,0.0014803149606299212
plot twist,TWS,4,3.5,8.0,11,29.75,0.0031496062992125984,0.001968503937007874
Do or Die,Lim Young Woong,7,3.4285714285714284,11.0,12,29.571428571428573,0.0030708661417322837,0.002019122609673791
3D (Justin Timberlake Remix),Jung Kook & Justin Timberlake,1,6.0,6.0,38,38.0,0.0030708661417322837,0.0030708661417322837
Love Me Again,V,4,2.0,2.0,12,22.5,0.0030708661417322837,0.0022440944881889765
Dangerously,Charlie Puth,4,5.25,11.0,44,46.0,0.003031496062992126,0.001141732283464567
Grain of Sand,Lim Young Woong,7,3.4285714285714284,12.0,13,31.0,0.0029921259842519685,0.001687289088863892
Magnetic,ILLIT,2,2.0,2.0,13,13.5,0.0029921259842519685,0.002952755905511811
Supernova,aespa,3,2.0,2.0,13,15.333333333333334,0.0029921259842519685,0.002808398950131234
Please Don't Change (feat. DJ Snake),Jung Kook,10,4.0,8.0,36,46.5,0.002952755905511811,0.0007874015748031496
London Boy,Lim Young Woong,10,4.0,18.0,15,37.5,0.0028346456692913383,0.0012125984251968504
Bubble Gum,NewJeans,7,3.0,8.0,15,40.42857142857143,0.0028346456692913383,0.0008830146231721033
Interlude : Showtime,Jimin,1,2.0,2.0,15,15.0,0.0028346456692913383,0.0028346456692913383
T.B.H,QWER,8,6.125,22.0,37,44.875,0.002755905511811024,0.0009694881889763781
Armageddon,aespa,5,2.0,2.0,16,30.6,0.0027559055118110236,0.0016062992125984252
CROOKED,G-DRAGON,2,10.5,17.0,47,47.0,0.002677165354330709,0.0016535433070866143
Right Now,NewJeans,2,2.0,2.0,17,27.5,0.002677165354330709,0.0018503937007874017
Talk Saxy,RIIZE,6,12.5,34.0,46,48.833333333333336,0.002677165354330709,0.0009776902887139109
BIRDS OF A FEATHER,Billie Eilish,3,2.0,2.0,18,29.0,0.0025984251968503938,0.0017322834645669292
we can't be friends (wait for your love),Ariana Grande,3,2.0,2.0,18,29.0,0.0025984251968503938,0.0017322834645669292
Warmth,Lim Young Woong,4,2.5,3.0,18,34.0,0.0025984251968503938,0.0013681102362204725
You & Me,JENNIE,6,6.833333333333333,18.0,46,47.666666666666664,0.002559055118110236,0.0007677165354330709
Home,Lim Young Woong,3,3.6666666666666665,7.0,19,29.666666666666668,0.0025196850393700786,0.0017454068241469815
Like Crazy (Deep House Remix),Jimin,9,3.6666666666666665,8.0,43,45.666666666666664,0.0025196850393700786,0.0008573928258967629
Polaroid,Lim Young Woong,4,2.0,2.0,19,23.5,0.0025196850393700786,0.0021653543307086614
LOVE DIVE,IVE,3,10.0,21.0,48,48.666666666666664,0.0024803149606299215,0.0010629921259842521
Christmas Tree,V,1,9.0,9.0,44,44.0,0.0024803149606299215,0.0024803149606299215
Bling-Bang-Bang-Born,Creepy Nuts,4,6.75,21.0,42,46.25,0.0024803149606299215,0.0009350393700787403
CARNIVAL,¥$ & Kanye West & Ty Dolla $ign,3,7.333333333333333,13.0,42,46.666666666666664,0.002480314960629921,0.0010761154855643044
To. X,TAEYEON,3,3.0,5.0,20,30.333333333333332,0.002440944881889764,0.0016666666666666668
Never Let Go,Jung Kook,2,2.0,2.0,20,22.5,0.002440944881889764,0.0022440944881889765
Beautiful Things,Benson Boone,4,2.0,2.0,21,34.75,0.002362204724409449,0.001279527559055118
The Planet,BTS,3,7.333333333333333,12.0,42,44.0,0.002362204724409449,0.0017585301837270341
wherever u r (ft. V of BTS),UMI & V,2,4.0,6.0,41,45.0,0.002362204724409449,0.0012598425196850393
Like Crazy (Instrumental),Jimin,2,4.0,6.0,41,45.0,0.002362204724409449,0.0012598425196850393
Loving You,Lim Young Woong,3,5.333333333333333,12.0,46,47.666666666666664,0.002362204724409449,0.0009186351706036745
踊り子,Vaundy,3,2.3333333333333335,3.0,21,31.333333333333332,0.002362204724409449,0.0016404199475065617
If We Ever Meet Again,Lim Young Woong,8,2.125,3.0,22,36.875,0.0022834645669291337,0.0011318897637795275
アイドル,YOASOBI,3,9.0,19.0,44,45.666666666666664,0.0022440944881889765,0.0014435695538057743
Like Crazy (UK Garage Remix),Jimin,8,3.625,8.0,42,47.25,0.002204724409448819,0.000610236220472441
Rainy Days,V,4,5.5,10.0,44,46.5,0.002204724409448819,0.0008464566929133858
"Our Blues, Our Life",Lim Young Woong,31,3.967741935483871,20.0,37,46.0,0.002204724409448819,0.0006781813563627127
Seven (feat. Latto) (Alesso Remix),Jung Kook & Latto,2,4.0,6.0,24,35.0,0.0021259842519685043,0.0016535433070866143
MILLION DOLLAR BABY,Tommy Richman,3,2.3333333333333335,3.0,24,34.0,0.0021259842519685043,0.0013517060367454071
Somebody,Jung Kook,15,5.333333333333333,35.0,41,47.333333333333336,0.002125984251968504,0.0005774278215223097
Boom Boom Bass,RIIZE,4,2.0,2.0,25,37.75,0.002047244094488189,0.0010433070866141731
Get A Guitar,RIIZE,8,6.25,20.0,38,45.75,0.002047244094488189,0.0008316929133858268
Stay Alive (Prod. SUGA of BTS),Jung Kook,1,25.0,25.0,49,49.0,0.001968503937007874,0.001968503937007874
Super Shy,NewJeans,6,5.833333333333333,25.0,31,39.333333333333336,0.001968503937007874,0.0012204724409448817
Father,Lim Young Woong,5,4.8,10.0,42,45.6,0.001968503937007874,0.0008346456692913385
Love 119,RIIZE,3,2.3333333333333335,3.0,26,35.333333333333336,0.001968503937007874,0.0012467191601049869
My Love Mine All Mine,Mitski,10,3.3,5.0,41,46.4,0.001968503937007874,0.0006811023622047244
Impossible,RIIZE,1,24.0,24.0,49,49.0,0.001889763779527559,0.001889763779527559
Yes or No,Jung Kook,3,3.0,5.0,27,34.0,0.0018897637795275589,0.0014960629921259843
Sweet Night,V,2,3.0,4.0,39,43.0,0.0018897637795275589,0.0011023622047244093
Promise,Jimin,9,3.3333333333333335,8.0,42,45.888888888888886,0.0018897637795275589,0.0006386701662292213
STUPID IN LOVE (feat. HUH YUNJIN of LE SSERAFIM),MAX,3,11.333333333333334,16.0,32,43.0,0.0018897637795275589,0.001548556430446194
Espresso,Sabrina Carpenter,2,2.0,2.0,27,28.5,0.0018897637795275589,0.0017716535433070866
Love wins all,IU,3,2.0,2.0,28,36.666666666666664,0.0018110236220472442,0.0011286089238845144
Holssi,IU,2,2.5,3.0,30,39.0,0.001653543307086614,0.0010039370078740158
Cosmic,Red Velvet,1,2.0,2.0,31,31.0,0.0015748031496062992,0.0015748031496062992
Rainbow,Lim Young Woong,19,3.526315789473684,13.0,31,45.10526315789474,0.0015748031496062992,0.0006361375880646498
Sudden Shower,ECLIPSE,4,3.25,5.0,38,43.5,0.0015354330708661418,0.0007775590551181103
Cupido,Engel Montaz & Kuv507 & Latinnites Music,1,2.0,2.0,32,32.0,0.0014960629921259843,0.0014960629921259843
I Don’t Think That I Like Her,Charlie Puth,4,7.5,18.0,48,49.0,0.0014173228346456694,0.0005905511811023622
Last Christmas - Single Version,Wham!,1,4.0,4.0,42,42.0,0.0014173228346456691,0.0014173228346456691
Young Man,HYUKOH & 落日飛車 Sunset Rollercoaster,1,2.0,2.0,33,33.0,0.0014173228346456691,0.0014173228346456691
Who (Rock Remix),Jimin,5,6.0,14.0,35,43.6,0.0014173228346456691,0.0010078740157480315
Snowman,Sia,1,2.0,2.0,34,34.0,0.0013385826771653544,0.0013385826771653544
"If I’m S, Can You Be My N?",TWS,1,2.0,2.0,34,34.0,0.0013385826771653544,0.0013385826771653544
Guess featuring Billie Eilish,Charli xcx & Billie Eilish,1,3.0,3.0,40,40.0,0.0012992125984251969,0.0012992125984251969
Baddie,IVE,3,14.0,18.0,49,49.333333333333336,0.0012598425196850393,0.0008661417322834646
AK47,Men's Tear & 뷰티풀너드,2,2.0,2.0,35,37.5,0.0012598425196850393,0.001062992125984252
Love Letter,Lim Young Woong,9,3.6666666666666665,7.0,43,48.0,0.0012598425196850393,0.00041557305336832894
한 페이지가 될 수 있게,DAY6,1,2.0,2.0,35,35.0,0.0012598425196850393,0.0012598425196850393
Lilith (feat. SUGA of BTS) (Diablo IV Anthem),Halsey & SUGA,6,4.166666666666667,11.0,41,47.0,0.0011811023622047244,0.000583989501312336
Who (Acoustic Remix),Jimin,5,6.8,24.0,36,43.4,0.0011811023622047244,0.0008661417322834645
Chk Chk Boom,Stray Kids,1,4.0,4.0,44,44.0,0.0011023622047244095,0.0011023622047244095
Melt Down,DAY6,4,2.25,3.0,40,42.25,0.001062992125984252,0.0007775590551181102
ANTIFRAGILE,LE SSERAFIM,1,13.0,13.0,49,49.0,0.0010236220472440946,0.0010236220472440946
Let's Say Goodbye,Parc Jae Jung,2,2.0,2.0,38,42.0,0.0010236220472440946,0.0007086614173228347
Little Light,DOYOUNG,1,3.0,3.0,43,43.0,0.0009448818897637795,0.0009448818897637795
Mars,D.O.,1,6.0,6.0,47,47.0,0.0009448818897637795,0.0009448818897637795
Cupid - Twin Ver.,FIFTY FIFTY,3,6.333333333333333,11.0,43,47.333333333333336,0.0009448818897637795,0.0005905511811023622
Hate You,Jung Kook,6,2.5,3.0,39,44.5,0.0009448818897637794,0.0006233595800524934
Candy (Feat. Zion.T),Jay Park,3,3.6666666666666665,4.0,45,47.333333333333336,0.0009448818897637794,0.0005249343832020996
녹아내려요 Melt Down,DAY6,1,2.0,2.0,40,40.0,0.0008661417322834645,0.0008661417322834645
My Starry Love,Lim Young Woong,3,11.333333333333334,21.0,48,49.0,0.0008267716535433072,0.0006824146981627297
Discord,QWER,1,3.0,3.0,44,44.0,0.0008267716535433072,0.0008267716535433072
"Steal The Show - From ""Elemental""",Lauv,1,3.0,3.0,44,44.0,0.0008267716535433072,0.0008267716535433072
Still With You,Jung Kook,1,3.0,3.0,44,44.0,0.0008267716535433072,0.0008267716535433072
Sugarcoat (NATTY Solo),KISS OF LIFE,3,3.0,4.0,44,46.333333333333336,0.0007874015748031496,0.0005249343832020997
Rockstar,LISA,1,2.0,2.0,41,41.0,0.0007874015748031496,0.0007874015748031496
CHIHIRO,Billie Eilish,1,4.0,4.0,46,46.0,0.0007874015748031496,0.0007874015748031496
"Yes or No (Feat. 허윤진 of LE SSERAFIM, Crush)",GroovyRoom & HUH YUNJIN,2,2.0,2.0,41,41.0,0.0007874015748031496,0.0007874015748031496
Love You With All My Heart,Crush,1,6.0,6.0,48,48.0,0.0007086614173228346,0.0007086614173228346
I’ll See You There Tomorrow,TOMORROW X TOGETHER,1,3.0,3.0,45,45.0,0.0007086614173228346,0.0007086614173228346
Klaxon,(G)I-DLE,2,3.0,3.0,45,46.0,0.0007086614173228346,0.0005905511811023622
Bite Me,ENHYPEN,1,4.0,4.0,47,47.0,0.0006299212598425197,0.0006299212598425197
Kill Bill,SZA,3,2.6666666666666665,4.0,46,47.333333333333336,0.0006299212598425197,0.0003937007874015748
Elevator,Lim Young Woong,3,6.666666666666667,16.0,49,49.666666666666664,0.0006299212598425197,0.0002887139107611548
Haegeum,Agust D,5,3.4,4.0,45,47.8,0.0006299212598425197,0.0004015748031496063
Better Things,aespa,2,9.5,16.0,50,50.0,0.0006299212598425197,0.00037401574803149607
Taste,Sabrina Carpenter,3,3.6666666666666665,4.0,47,48.0,0.0006299212598425197,0.00045931758530183726
SOS,KANGDANIEL,3,4.0,8.0,45,47.0,0.0006299212598425197,0.0004724409448818897
Spicy,aespa,1,3.0,3.0,46,46.0,0.0005905511811023622,0.0005905511811023622
Spring Snow,10CM,3,3.0,4.0,44,46.666666666666664,0.0005905511811023622,0.0004330708661417323
MANIAC,VIVIZ,4,5.0,11.0,48,48.75,0.0005905511811023622,0.00035433070866141734
K-POP,Travis Scott & Bad Bunny & The Weeknd,1,3.0,3.0,46,46.0,0.0005905511811023622,0.0005905511811023622
Teddy Bear,STAYC,4,2.5,3.0,45,46.5,0.0005905511811023622,0.00044291338582677165
ABCD,NAYEON,1,2.0,2.0,44,44.0,0.0005511811023622047,0.0005511811023622047
Saturn,SZA,2,4.5,7.0,46,47.5,0.0005511811023622047,0.00047244094488188977
NEMONEMO,YENA,5,3.2,6.0,44,47.8,0.0005511811023622047,0.0003622047244094488
예뻤어,DAY6,1,2.0,2.0,44,44.0,0.0005511811023622047,0.0005511811023622047
"How can I love the heartbreak, you're the one I love",AKMU,2,2.0,2.0,44,46.5,0.0005511811023622047,0.00035433070866141734
Swan Song,LE SSERAFIM,1,2.0,2.0,44,44.0,0.0005511811023622047,0.0005511811023622047
Queencard,(G)I-DLE,2,9.0,13.0,49,49.5,0.0005118110236220473,0.00045275590551181104
Love Station,Lim Young Woong,3,5.666666666666667,12.0,49,49.666666666666664,0.00047244094488188977,0.00024934383202099736
Super,SEVENTEEN,2,3.0,3.0,47,48.0,0.00047244094488188977,0.00035433070866141734
GODS,League of Legends & NewJeans,2,4.5,6.0,48,48.5,0.00047244094488188977,0.0004133858267716535
Take Two,BTS,1,6.0,6.0,49,49.0,0.00047244094488188977,0.00047244094488188977
Click Like (Prod. Crush) (Feat. Paul Blanco),Various Artists,1,4.0,4.0,48,48.0,0.0004724409448818897,0.0004724409448818897
MEOW,MEOVV,1,2.0,2.0,45,45.0,0.0004724409448818897,0.0004724409448818897
Don't Look Back In Anger - Remastered,Oasis,1,2.0,2.0,45,45.0,0.0004724409448818897,0.0004724409448818897
Cool With You,NewJeans,1,4.0,4.0,48,48.0,0.0004724409448818897,0.0004724409448818897
CRAZY,LE SSERAFIM,1,2.0,2.0,45,45.0,0.0004724409448818897,0.0004724409448818897
Don't Look Back in Anger - Remastered,Oasis,2,2.0,2.0,45,46.0,0.0004724409448818897,0.0003937007874015748
NIGHT DANCER - BIG Naughty Remix,imase & BIG Naughty,1,11.0,11.0,50,50.0,0.0004330708661417323,0.0004330708661417323
Nest,Lim Young Woong,6,5.166666666666667,11.0,46,49.0,0.0004330708661417323,0.0003083989501312336
HERO,Lim Young Woong,4,3.5,6.0,46,48.25,0.0003937007874015748,0.0002952755905511811
Why?,PLAVE,1,5.0,5.0,49,49.0,0.0003937007874015748,0.0003937007874015748
No Tomorrow - Spotify Singles,Various Artists,1,2.0,2.0,46,46.0,0.0003937007874015748,0.0003937007874015748
Nice Guy,BOYNEXTDOOR,1,5.0,5.0,49,49.0,0.0003937007874015748,0.0003937007874015748
Like That,Future & Metro Boomin,1,2.0,2.0,46,46.0,0.0003937007874015748,0.0003937007874015748
In Bloom,ZEROBASEONE,2,3.0,3.0,48,49.0,0.0003543307086614173,0.00023622047244094486
Super Lady,(G)I-DLE,1,3.0,3.0,48,48.0,0.0003543307086614173,0.0003543307086614173
Steady,NCT WISH,1,3.0,3.0,48,48.0,0.0003543307086614173,0.0003543307086614173
vampire,Olivia Rodrigo,2,3.0,3.0,48,48.0,0.0003543307086614173,0.0003543307086614173
Dare to Love (feat. BIG Naughty),B.I,1,3.0,3.0,48,48.0,0.0003543307086614173,0.0003543307086614173
Midas Touch,KISS OF LIFE,2,5.0,8.0,49,49.5,0.00031496062992125983,0.00023622047244094486
MAESTRO,SEVENTEEN,1,4.0,4.0,49,49.0,0.00031496062992125983,0.00031496062992125983
Touch,KATSEYE,2,3.0,4.0,47,48.5,0.00031496062992125983,0.00023622047244094486
Lovin On Me,Jack Harlow,2,2.5,3.0,47,48.0,0.00031496062992125983,0.00027559055118110237
I will come to you,Jin,1,2.0,2.0,47,47.0,0.00031496062992125983,0.00031496062992125983
Intro: Singularity,BTS,2,3.5,4.0,49,49.0,0.00031496062992125983,0.00027559055118110237
bye,Ariana Grande,1,2.0,2.0,47,47.0,0.00031496062992125983,0.00031496062992125983
But Sometimes,BOYNEXTDOOR,1,4.0,4.0,49,49.0,0.00031496062992125983,0.00031496062992125983
Fighting (Feat. Lee Young Ji),BSS,1,4.0,4.0,49,49.0,0.00031496062992125983,0.00031496062992125983
Baggy Jeans,NCT,1,7.0,7.0,50,50.0,0.00027559055118110237,0.00027559055118110237
Drowning,WOODZ,2,2.5,3.0,49,49.0,0.00023622047244094488,0.0001968503937007874
Fact Check,NCT 127,1,6.0,6.0,50,50.0,0.00023622047244094488,0.00023622047244094488
Trust in me,Lim Young Woong,1,2.0,2.0,48,48.0,0.00023622047244094486,0.00023622047244094486
Pleasure Shop,KEY,1,2.0,2.0,48,48.0,0.00023622047244094486,0.00023622047244094486
Big Dawgs,Hanumankind & Kalmi,1,2.0,2.0,48,48.0,0.00023622047244094486,0.00023622047244094486
Cupid,FIFTY FIFTY,1,5.0,5.0,50,50.0,0.0001968503937007874,0.0001968503937007874
Fortnight (feat. Post Malone),Taylor Swift,2,3.0,4.0,50,50.0,0.00015748031496062991,0.00011811023622047243
3D (feat. Jack Harlow) (Instrumental),Jung Kook & Jack Harlow,1,4.0,4.0,50,50.0,0.00015748031496062991,0.00015748031496062991
SHEESH,BABYMONSTER,1,4.0,4.0,50,50.0,0.00015748031496062991,0.00015748031496062991
I Had Some Help (Feat. Morgan Wallen),Post Malone & Morgan Wallen,1,4.0,4.0,50,50.0,0.00015748031496062991,0.00015748031496062991
Kitsch,IVE,2,2.0,2.0,49,49.5,0.00015748031496062991,0.00011811023622047243
Tick-Tack,ILLIT,1,3.0,3.0,50,50.0,0.00011811023622047244,0.00011811023622047244
Girls Never Die,tripleS,1,3.0,3.0,50,50.0,0.00011811023622047244,0.00011811023622047244
Love Me Like This,NMIXX,2,2.5,3.0,50,50.0,0.00011811023622047244,9.84251968503937e-05
euphoria,Kendrick Lamar,1,2.0,2.0,50,50.0,7.874015748031496e-05,7.874015748031496e-05
greedy,Tate McRae,1,2.0,2.0,50,50.0,7.874015748031496e-05,7.874015748031496e-05
Love Lee,AKMU,1,2.0,2.0,50,50.0,7.874015748031496e-05,7.874015748031496e-05
Thirsty,aespa,1,2.0,2.0,50,50.0,7.874015748031496e-05,7.874015748031496e-05
